mean_fit_time,std_fit_time,mean_score_time,std_score_time,param_model__regressor__max_depth,param_model__regressor__max_features,param_model__regressor__min_samples_leaf,param_model__regressor__min_samples_split,params,split0_test_score,split1_test_score,split2_test_score,split3_test_score,split4_test_score,mean_test_score,std_test_score,rank_test_score,split0_train_score,split1_train_score,split2_train_score,split3_train_score,split4_train_score,mean_train_score,std_train_score
0.023278188705444337,0.004051608782684058,0.006002235412597656,0.001022732431183006,3,,1,2,"{'model__regressor__max_depth': 3, 'model__regressor__max_features': None, 'model__regressor__min_samples_leaf': 1, 'model__regressor__min_samples_split': 2}",-0.2167990017110985,-0.22909319005209688,-0.21337701828003647,-0.21405423426617798,-0.2085263283275259,-0.2163699545273871,0.006897934522378657,501,-0.19618057224980284,-0.19434071646516998,-0.20043334292921797,-0.2000966519780661,-0.20129649322864834,-0.19846955537018104,0.002712277162568905
0.025000810623168945,0.002233348423748201,0.006448936462402344,0.002133103509910724,3,,1,3,"{'model__regressor__max_depth': 3, 'model__regressor__max_features': None, 'model__regressor__min_samples_leaf': 1, 'model__regressor__min_samples_split': 3}",-0.2167990017110985,-0.22909319005209688,-0.21337701828003647,-0.21405423426617798,-0.2085263283275259,-0.2163699545273871,0.006897934522378657,501,-0.19618057224980284,-0.19434071646516998,-0.20043334292921797,-0.2000966519780661,-0.20129649322864834,-0.19846955537018104,0.002712277162568905
0.025564241409301757,0.002517333488960116,0.006048822402954101,0.0007933848805589446,3,,1,5,"{'model__regressor__max_depth': 3, 'model__regressor__max_features': None, 'model__regressor__min_samples_leaf': 1, 'model__regressor__min_samples_split': 5}",-0.2167990017110985,-0.22909319005209688,-0.21337701828003647,-0.21405423426617798,-0.2085263283275259,-0.2163699545273871,0.006897934522378657,501,-0.19618057224980284,-0.19434071646516998,-0.20043334292921797,-0.2000966519780661,-0.20129649322864834,-0.19846955537018104,0.002712277162568905
0.024158811569213866,0.0008731367742856721,0.006010580062866211,0.0010769874857638323,3,,1,7,"{'model__regressor__max_depth': 3, 'model__regressor__max_features': None, 'model__regressor__min_samples_leaf': 1, 'model__regressor__min_samples_split': 7}",-0.2167990017110985,-0.22909319005209688,-0.21337701828003647,-0.21405423426617798,-0.2085263283275259,-0.2163699545273871,0.006897934522378657,501,-0.19618057224980284,-0.19434071646516998,-0.20043334292921797,-0.2000966519780661,-0.20129649322864834,-0.19846955537018104,0.002712277162568905
0.025287532806396486,0.0014822111919714947,0.005403566360473633,0.00012496112512001175,3,,1,10,"{'model__regressor__max_depth': 3, 'model__regressor__max_features': None, 'model__regressor__min_samples_leaf': 1, 'model__regressor__min_samples_split': 10}",-0.2167990017110985,-0.22909319005209688,-0.21337701828003647,-0.21405423426617798,-0.2085263283275259,-0.2163699545273871,0.006897934522378657,501,-0.19618057224980284,-0.19434071646516998,-0.20043334292921797,-0.2000966519780661,-0.20129649322864834,-0.19846955537018104,0.002712277162568905
0.026611804962158203,0.0015084204891001418,0.005519580841064453,0.00018986751519543338,3,,3,2,"{'model__regressor__max_depth': 3, 'model__regressor__max_features': None, 'model__regressor__min_samples_leaf': 3, 'model__regressor__min_samples_split': 2}",-0.2167990017110985,-0.22909319005209688,-0.21337701828003647,-0.21405423426617798,-0.2085263283275259,-0.2163699545273871,0.006897934522378657,501,-0.19618057224980284,-0.19434071646516998,-0.20043334292921797,-0.2000966519780661,-0.20129649322864834,-0.19846955537018104,0.002712277162568905
0.025753211975097657,0.0015900085483175784,0.006365013122558594,0.0015058826793056667,3,,3,3,"{'model__regressor__max_depth': 3, 'model__regressor__max_features': None, 'model__regressor__min_samples_leaf': 3, 'model__regressor__min_samples_split': 3}",-0.2167990017110985,-0.22909319005209688,-0.21337701828003647,-0.21405423426617798,-0.2085263283275259,-0.2163699545273871,0.006897934522378657,501,-0.19618057224980284,-0.19434071646516998,-0.20043334292921797,-0.2000966519780661,-0.20129649322864834,-0.19846955537018104,0.002712277162568905
0.025104475021362305,0.0018147619731337038,0.005533599853515625,0.00019015854550794505,3,,3,5,"{'model__regressor__max_depth': 3, 'model__regressor__max_features': None, 'model__regressor__min_samples_leaf': 3, 'model__regressor__min_samples_split': 5}",-0.2167990017110985,-0.22909319005209688,-0.21337701828003647,-0.21405423426617798,-0.2085263283275259,-0.2163699545273871,0.006897934522378657,501,-0.19618057224980284,-0.19434071646516998,-0.20043334292921797,-0.2000966519780661,-0.20129649322864834,-0.19846955537018104,0.002712277162568905
0.025753164291381837,0.001888003194857767,0.006577873229980468,0.0014602810766485843,3,,3,7,"{'model__regressor__max_depth': 3, 'model__regressor__max_features': None, 'model__regressor__min_samples_leaf': 3, 'model__regressor__min_samples_split': 7}",-0.2167990017110985,-0.22909319005209688,-0.21337701828003647,-0.21405423426617798,-0.2085263283275259,-0.2163699545273871,0.006897934522378657,501,-0.19618057224980284,-0.19434071646516998,-0.20043334292921797,-0.2000966519780661,-0.20129649322864834,-0.19846955537018104,0.002712277162568905
0.02529745101928711,0.0014192195059008895,0.0061209678649902345,0.0010924693055671124,3,,3,10,"{'model__regressor__max_depth': 3, 'model__regressor__max_features': None, 'model__regressor__min_samples_leaf': 3, 'model__regressor__min_samples_split': 10}",-0.2167990017110985,-0.22909319005209688,-0.21337701828003647,-0.21405423426617798,-0.2085263283275259,-0.2163699545273871,0.006897934522378657,501,-0.19618057224980284,-0.19434071646516998,-0.20043334292921797,-0.2000966519780661,-0.20129649322864834,-0.19846955537018104,0.002712277162568905
0.024831628799438475,0.000949549966822577,0.006319952011108398,0.0013985783696144113,3,,5,2,"{'model__regressor__max_depth': 3, 'model__regressor__max_features': None, 'model__regressor__min_samples_leaf': 5, 'model__regressor__min_samples_split': 2}",-0.2167990017110985,-0.22909319005209688,-0.21337701828003647,-0.21405423426617798,-0.2085263283275259,-0.2163699545273871,0.006897934522378657,501,-0.19618057224980284,-0.19434071646516998,-0.20043334292921797,-0.2000966519780661,-0.20129649322864834,-0.19846955537018104,0.002712277162568905
0.026419782638549806,0.001753208557152334,0.0071719646453857425,0.0013674042830671327,3,,5,3,"{'model__regressor__max_depth': 3, 'model__regressor__max_features': None, 'model__regressor__min_samples_leaf': 5, 'model__regressor__min_samples_split': 3}",-0.2167990017110985,-0.22909319005209688,-0.21337701828003647,-0.21405423426617798,-0.2085263283275259,-0.2163699545273871,0.006897934522378657,501,-0.19618057224980284,-0.19434071646516998,-0.20043334292921797,-0.2000966519780661,-0.20129649322864834,-0.19846955537018104,0.002712277162568905
0.02536940574645996,0.0008782963920706859,0.00573883056640625,0.00048187080008365283,3,,5,5,"{'model__regressor__max_depth': 3, 'model__regressor__max_features': None, 'model__regressor__min_samples_leaf': 5, 'model__regressor__min_samples_split': 5}",-0.2167990017110985,-0.22909319005209688,-0.21337701828003647,-0.21405423426617798,-0.2085263283275259,-0.2163699545273871,0.006897934522378657,501,-0.19618057224980284,-0.19434071646516998,-0.20043334292921797,-0.2000966519780661,-0.20129649322864834,-0.19846955537018104,0.002712277162568905
0.028235340118408205,0.0009768926166829161,0.00613861083984375,0.0008057581742049229,3,,5,7,"{'model__regressor__max_depth': 3, 'model__regressor__max_features': None, 'model__regressor__min_samples_leaf': 5, 'model__regressor__min_samples_split': 7}",-0.2167990017110985,-0.22909319005209688,-0.21337701828003647,-0.21405423426617798,-0.2085263283275259,-0.2163699545273871,0.006897934522378657,501,-0.19618057224980284,-0.19434071646516998,-0.20043334292921797,-0.2000966519780661,-0.20129649322864834,-0.19846955537018104,0.002712277162568905
0.026890277862548828,0.001921503839727402,0.006829547882080078,0.001617327001567461,3,,5,10,"{'model__regressor__max_depth': 3, 'model__regressor__max_features': None, 'model__regressor__min_samples_leaf': 5, 'model__regressor__min_samples_split': 10}",-0.2167990017110985,-0.22909319005209688,-0.21337701828003647,-0.21405423426617798,-0.2085263283275259,-0.2163699545273871,0.006897934522378657,501,-0.19618057224980284,-0.19434071646516998,-0.20043334292921797,-0.2000966519780661,-0.20129649322864834,-0.19846955537018104,0.002712277162568905
0.026568508148193358,0.0014234121798289414,0.0067536354064941405,0.0019372453220564,3,,7,2,"{'model__regressor__max_depth': 3, 'model__regressor__max_features': None, 'model__regressor__min_samples_leaf': 7, 'model__regressor__min_samples_split': 2}",-0.2167990017110985,-0.22909319005209688,-0.21337701828003647,-0.21405423426617798,-0.2085263283275259,-0.2163699545273871,0.006897934522378657,501,-0.19618057224980284,-0.19434071646516998,-0.20043334292921797,-0.2000966519780661,-0.20129649322864834,-0.19846955537018104,0.002712277162568905
0.02620244026184082,0.0013512925339486399,0.005929136276245117,0.0003423994483867531,3,,7,3,"{'model__regressor__max_depth': 3, 'model__regressor__max_features': None, 'model__regressor__min_samples_leaf': 7, 'model__regressor__min_samples_split': 3}",-0.2167990017110985,-0.22909319005209688,-0.21337701828003647,-0.21405423426617798,-0.2085263283275259,-0.2163699545273871,0.006897934522378657,501,-0.19618057224980284,-0.19434071646516998,-0.20043334292921797,-0.2000966519780661,-0.20129649322864834,-0.19846955537018104,0.002712277162568905
0.028446722030639648,0.002586088125309481,0.00581812858581543,0.00011865793517167888,3,,7,5,"{'model__regressor__max_depth': 3, 'model__regressor__max_features': None, 'model__regressor__min_samples_leaf': 7, 'model__regressor__min_samples_split': 5}",-0.2167990017110985,-0.22909319005209688,-0.21337701828003647,-0.21405423426617798,-0.2085263283275259,-0.2163699545273871,0.006897934522378657,501,-0.19618057224980284,-0.19434071646516998,-0.20043334292921797,-0.2000966519780661,-0.20129649322864834,-0.19846955537018104,0.002712277162568905
0.0263852596282959,0.001983798761363073,0.006197309494018555,0.0005845810729192924,3,,7,7,"{'model__regressor__max_depth': 3, 'model__regressor__max_features': None, 'model__regressor__min_samples_leaf': 7, 'model__regressor__min_samples_split': 7}",-0.2167990017110985,-0.22909319005209688,-0.21337701828003647,-0.21405423426617798,-0.2085263283275259,-0.2163699545273871,0.006897934522378657,501,-0.19618057224980284,-0.19434071646516998,-0.20043334292921797,-0.2000966519780661,-0.20129649322864834,-0.19846955537018104,0.002712277162568905
0.027109861373901367,0.0019816579025738333,0.005753278732299805,0.00016861065749888647,3,,7,10,"{'model__regressor__max_depth': 3, 'model__regressor__max_features': None, 'model__regressor__min_samples_leaf': 7, 'model__regressor__min_samples_split': 10}",-0.2167990017110985,-0.22909319005209688,-0.21337701828003647,-0.21405423426617798,-0.2085263283275259,-0.2163699545273871,0.006897934522378657,501,-0.19618057224980284,-0.19434071646516998,-0.20043334292921797,-0.2000966519780661,-0.20129649322864834,-0.19846955537018104,0.002712277162568905
0.02650418281555176,0.002159525218838681,0.006762027740478516,0.001534609960849107,3,,10,2,"{'model__regressor__max_depth': 3, 'model__regressor__max_features': None, 'model__regressor__min_samples_leaf': 10, 'model__regressor__min_samples_split': 2}",-0.2167990017110985,-0.22909319005209688,-0.21337701828003647,-0.21405423426617798,-0.2085263283275259,-0.2163699545273871,0.006897934522378657,501,-0.19618057224980284,-0.19434071646516998,-0.20043334292921797,-0.2000966519780661,-0.20129649322864834,-0.19846955537018104,0.002712277162568905
0.02573504447937012,0.0019227954369529436,0.008713102340698243,0.0013214368155573721,3,,10,3,"{'model__regressor__max_depth': 3, 'model__regressor__max_features': None, 'model__regressor__min_samples_leaf': 10, 'model__regressor__min_samples_split': 3}",-0.2167990017110985,-0.22909319005209688,-0.21337701828003647,-0.21405423426617798,-0.2085263283275259,-0.2163699545273871,0.006897934522378657,501,-0.19618057224980284,-0.19434071646516998,-0.20043334292921797,-0.2000966519780661,-0.20129649322864834,-0.19846955537018104,0.002712277162568905
0.02729477882385254,0.0025034614263553094,0.00722799301147461,0.0008773950725857892,3,,10,5,"{'model__regressor__max_depth': 3, 'model__regressor__max_features': None, 'model__regressor__min_samples_leaf': 10, 'model__regressor__min_samples_split': 5}",-0.2167990017110985,-0.22909319005209688,-0.21337701828003647,-0.21405423426617798,-0.2085263283275259,-0.2163699545273871,0.006897934522378657,501,-0.19618057224980284,-0.19434071646516998,-0.20043334292921797,-0.2000966519780661,-0.20129649322864834,-0.19846955537018104,0.002712277162568905
0.027692174911499022,0.002281806858729024,0.006709909439086914,0.001404876338551202,3,,10,7,"{'model__regressor__max_depth': 3, 'model__regressor__max_features': None, 'model__regressor__min_samples_leaf': 10, 'model__regressor__min_samples_split': 7}",-0.2167990017110985,-0.22909319005209688,-0.21337701828003647,-0.21405423426617798,-0.2085263283275259,-0.2163699545273871,0.006897934522378657,501,-0.19618057224980284,-0.19434071646516998,-0.20043334292921797,-0.2000966519780661,-0.20129649322864834,-0.19846955537018104,0.002712277162568905
0.027776050567626952,0.0027618700519550705,0.0065803050994873045,0.0009595566818491177,3,,10,10,"{'model__regressor__max_depth': 3, 'model__regressor__max_features': None, 'model__regressor__min_samples_leaf': 10, 'model__regressor__min_samples_split': 10}",-0.2167990017110985,-0.22909319005209688,-0.21337701828003647,-0.21405423426617798,-0.2085263283275259,-0.2163699545273871,0.006897934522378657,501,-0.19618057224980284,-0.19434071646516998,-0.20043334292921797,-0.2000966519780661,-0.20129649322864834,-0.19846955537018104,0.002712277162568905
0.027931404113769532,0.0019474760802136437,0.007003688812255859,0.0015778114769017634,3,0.9,1,2,"{'model__regressor__max_depth': 3, 'model__regressor__max_features': 0.9, 'model__regressor__min_samples_leaf': 1, 'model__regressor__min_samples_split': 2}",-0.21834624772976158,-0.22909319005209688,-0.21337701828003647,-0.21405423426617776,-0.2085263283275259,-0.2166794037311197,0.006944787436092837,526,-0.19872843047326127,-0.19434071646516998,-0.20043334292921797,-0.2000966519780661,-0.20129649322864834,-0.19897912701487272,0.0024621735650117633
0.0265195369720459,0.0016103153504254456,0.008368206024169923,0.002034151645451362,3,0.9,1,3,"{'model__regressor__max_depth': 3, 'model__regressor__max_features': 0.9, 'model__regressor__min_samples_leaf': 1, 'model__regressor__min_samples_split': 3}",-0.21834624772976158,-0.22909319005209688,-0.21337701828003647,-0.21405423426617776,-0.2085263283275259,-0.2166794037311197,0.006944787436092837,526,-0.19872843047326127,-0.19434071646516998,-0.20043334292921797,-0.2000966519780661,-0.20129649322864834,-0.19897912701487272,0.0024621735650117633
0.0257265567779541,0.0019113477386660746,0.006957387924194336,0.0012968904489982257,3,0.9,1,5,"{'model__regressor__max_depth': 3, 'model__regressor__max_features': 0.9, 'model__regressor__min_samples_leaf': 1, 'model__regressor__min_samples_split': 5}",-0.21834624772976158,-0.22909319005209688,-0.21337701828003647,-0.21405423426617776,-0.2085263283275259,-0.2166794037311197,0.006944787436092837,526,-0.19872843047326127,-0.19434071646516998,-0.20043334292921797,-0.2000966519780661,-0.20129649322864834,-0.19897912701487272,0.0024621735650117633
0.027460050582885743,0.0022397806277580884,0.006772565841674805,0.000884996333924674,3,0.9,1,7,"{'model__regressor__max_depth': 3, 'model__regressor__max_features': 0.9, 'model__regressor__min_samples_leaf': 1, 'model__regressor__min_samples_split': 7}",-0.21834624772976158,-0.22909319005209688,-0.21337701828003647,-0.21405423426617776,-0.2085263283275259,-0.2166794037311197,0.006944787436092837,526,-0.19872843047326127,-0.19434071646516998,-0.20043334292921797,-0.2000966519780661,-0.20129649322864834,-0.19897912701487272,0.0024621735650117633
0.025600385665893555,0.0020029206705026274,0.006803750991821289,0.0012213034103807766,3,0.9,1,10,"{'model__regressor__max_depth': 3, 'model__regressor__max_features': 0.9, 'model__regressor__min_samples_leaf': 1, 'model__regressor__min_samples_split': 10}",-0.21834624772976158,-0.22909319005209688,-0.21337701828003647,-0.21405423426617776,-0.2085263283275259,-0.2166794037311197,0.006944787436092837,526,-0.19872843047326127,-0.19434071646516998,-0.20043334292921797,-0.2000966519780661,-0.20129649322864834,-0.19897912701487272,0.0024621735650117633
0.02692704200744629,0.0013897992567436146,0.00570826530456543,0.00011301356524467226,3,0.9,3,2,"{'model__regressor__max_depth': 3, 'model__regressor__max_features': 0.9, 'model__regressor__min_samples_leaf': 3, 'model__regressor__min_samples_split': 2}",-0.21834624772976158,-0.22909319005209688,-0.21337701828003647,-0.21405423426617776,-0.2085263283275259,-0.2166794037311197,0.006944787436092837,526,-0.19872843047326127,-0.19434071646516998,-0.20043334292921797,-0.2000966519780661,-0.20129649322864834,-0.19897912701487272,0.0024621735650117633
0.027410316467285156,0.0014159558328283282,0.0056533336639404295,0.0001378807768835232,3,0.9,3,3,"{'model__regressor__max_depth': 3, 'model__regressor__max_features': 0.9, 'model__regressor__min_samples_leaf': 3, 'model__regressor__min_samples_split': 3}",-0.21834624772976158,-0.22909319005209688,-0.21337701828003647,-0.21405423426617776,-0.2085263283275259,-0.2166794037311197,0.006944787436092837,526,-0.19872843047326127,-0.19434071646516998,-0.20043334292921797,-0.2000966519780661,-0.20129649322864834,-0.19897912701487272,0.0024621735650117633
0.025648736953735353,0.002488133918282959,0.007776021957397461,0.001486182322792434,3,0.9,3,5,"{'model__regressor__max_depth': 3, 'model__regressor__max_features': 0.9, 'model__regressor__min_samples_leaf': 3, 'model__regressor__min_samples_split': 5}",-0.21834624772976158,-0.22909319005209688,-0.21337701828003647,-0.21405423426617776,-0.2085263283275259,-0.2166794037311197,0.006944787436092837,526,-0.19872843047326127,-0.19434071646516998,-0.20043334292921797,-0.2000966519780661,-0.20129649322864834,-0.19897912701487272,0.0024621735650117633
0.026689815521240234,0.001818491136028848,0.00575723648071289,0.0001225015540592802,3,0.9,3,7,"{'model__regressor__max_depth': 3, 'model__regressor__max_features': 0.9, 'model__regressor__min_samples_leaf': 3, 'model__regressor__min_samples_split': 7}",-0.21834624772976158,-0.22909319005209688,-0.21337701828003647,-0.21405423426617776,-0.2085263283275259,-0.2166794037311197,0.006944787436092837,526,-0.19872843047326127,-0.19434071646516998,-0.20043334292921797,-0.2000966519780661,-0.20129649322864834,-0.19897912701487272,0.0024621735650117633
0.027448749542236327,0.00170549243634191,0.006598281860351563,0.0009887985949858663,3,0.9,3,10,"{'model__regressor__max_depth': 3, 'model__regressor__max_features': 0.9, 'model__regressor__min_samples_leaf': 3, 'model__regressor__min_samples_split': 10}",-0.21834624772976158,-0.22909319005209688,-0.21337701828003647,-0.21405423426617776,-0.2085263283275259,-0.2166794037311197,0.006944787436092837,526,-0.19872843047326127,-0.19434071646516998,-0.20043334292921797,-0.2000966519780661,-0.20129649322864834,-0.19897912701487272,0.0024621735650117633
0.02734546661376953,0.0015847386883523459,0.006988620758056641,0.001035905845442081,3,0.9,5,2,"{'model__regressor__max_depth': 3, 'model__regressor__max_features': 0.9, 'model__regressor__min_samples_leaf': 5, 'model__regressor__min_samples_split': 2}",-0.21834624772976158,-0.22909319005209688,-0.21337701828003647,-0.21405423426617776,-0.2085263283275259,-0.2166794037311197,0.006944787436092837,526,-0.19872843047326127,-0.19434071646516998,-0.20043334292921797,-0.2000966519780661,-0.20129649322864834,-0.19897912701487272,0.0024621735650117633
0.029343271255493165,0.0027617290082975624,0.0077040672302246095,0.0008865105609825087,3,0.9,5,3,"{'model__regressor__max_depth': 3, 'model__regressor__max_features': 0.9, 'model__regressor__min_samples_leaf': 5, 'model__regressor__min_samples_split': 3}",-0.21834624772976158,-0.22909319005209688,-0.21337701828003647,-0.21405423426617776,-0.2085263283275259,-0.2166794037311197,0.006944787436092837,526,-0.19872843047326127,-0.19434071646516998,-0.20043334292921797,-0.2000966519780661,-0.20129649322864834,-0.19897912701487272,0.0024621735650117633
0.025441694259643554,0.0011241972284480235,0.006705474853515625,0.001303505367029297,3,0.9,5,5,"{'model__regressor__max_depth': 3, 'model__regressor__max_features': 0.9, 'model__regressor__min_samples_leaf': 5, 'model__regressor__min_samples_split': 5}",-0.21834624772976158,-0.22909319005209688,-0.21337701828003647,-0.21405423426617776,-0.2085263283275259,-0.2166794037311197,0.006944787436092837,526,-0.19872843047326127,-0.19434071646516998,-0.20043334292921797,-0.2000966519780661,-0.20129649322864834,-0.19897912701487272,0.0024621735650117633
0.028301000595092773,0.0018341114189712063,0.006309986114501953,0.0006699234727077663,3,0.9,5,7,"{'model__regressor__max_depth': 3, 'model__regressor__max_features': 0.9, 'model__regressor__min_samples_leaf': 5, 'model__regressor__min_samples_split': 7}",-0.21834624772976158,-0.22909319005209688,-0.21337701828003647,-0.21405423426617776,-0.2085263283275259,-0.2166794037311197,0.006944787436092837,526,-0.19872843047326127,-0.19434071646516998,-0.20043334292921797,-0.2000966519780661,-0.20129649322864834,-0.19897912701487272,0.0024621735650117633
0.025670671463012697,0.0020080265504711673,0.007205390930175781,0.0014974392547752186,3,0.9,5,10,"{'model__regressor__max_depth': 3, 'model__regressor__max_features': 0.9, 'model__regressor__min_samples_leaf': 5, 'model__regressor__min_samples_split': 10}",-0.21834624772976158,-0.22909319005209688,-0.21337701828003647,-0.21405423426617776,-0.2085263283275259,-0.2166794037311197,0.006944787436092837,526,-0.19872843047326127,-0.19434071646516998,-0.20043334292921797,-0.2000966519780661,-0.20129649322864834,-0.19897912701487272,0.0024621735650117633
0.02457151412963867,0.0007461184638345424,0.0059491157531738285,0.0004396227223327449,3,0.9,7,2,"{'model__regressor__max_depth': 3, 'model__regressor__max_features': 0.9, 'model__regressor__min_samples_leaf': 7, 'model__regressor__min_samples_split': 2}",-0.21834624772976158,-0.22909319005209688,-0.21337701828003647,-0.21405423426617776,-0.2085263283275259,-0.2166794037311197,0.006944787436092837,526,-0.19872843047326127,-0.19434071646516998,-0.20043334292921797,-0.2000966519780661,-0.20129649322864834,-0.19897912701487272,0.0024621735650117633
0.027606201171875,0.0029207594448611785,0.0059932231903076175,0.0003661479933109965,3,0.9,7,3,"{'model__regressor__max_depth': 3, 'model__regressor__max_features': 0.9, 'model__regressor__min_samples_leaf': 7, 'model__regressor__min_samples_split': 3}",-0.21834624772976158,-0.22909319005209688,-0.21337701828003647,-0.21405423426617776,-0.2085263283275259,-0.2166794037311197,0.006944787436092837,526,-0.19872843047326127,-0.19434071646516998,-0.20043334292921797,-0.2000966519780661,-0.20129649322864834,-0.19897912701487272,0.0024621735650117633
0.02563185691833496,0.0015976672127289173,0.005614852905273438,0.00016871557962596783,3,0.9,7,5,"{'model__regressor__max_depth': 3, 'model__regressor__max_features': 0.9, 'model__regressor__min_samples_leaf': 7, 'model__regressor__min_samples_split': 5}",-0.21834624772976158,-0.22909319005209688,-0.21337701828003647,-0.21405423426617776,-0.2085263283275259,-0.2166794037311197,0.006944787436092837,526,-0.19872843047326127,-0.19434071646516998,-0.20043334292921797,-0.2000966519780661,-0.20129649322864834,-0.19897912701487272,0.0024621735650117633
0.025945186614990234,0.002215239409799792,0.0063201904296875,0.000937489567867956,3,0.9,7,7,"{'model__regressor__max_depth': 3, 'model__regressor__max_features': 0.9, 'model__regressor__min_samples_leaf': 7, 'model__regressor__min_samples_split': 7}",-0.21834624772976158,-0.22909319005209688,-0.21337701828003647,-0.21405423426617776,-0.2085263283275259,-0.2166794037311197,0.006944787436092837,526,-0.19872843047326127,-0.19434071646516998,-0.20043334292921797,-0.2000966519780661,-0.20129649322864834,-0.19897912701487272,0.0024621735650117633
0.02661576271057129,0.0026668002289158715,0.006480026245117188,0.0013986164441271536,3,0.9,7,10,"{'model__regressor__max_depth': 3, 'model__regressor__max_features': 0.9, 'model__regressor__min_samples_leaf': 7, 'model__regressor__min_samples_split': 10}",-0.21834624772976158,-0.22909319005209688,-0.21337701828003647,-0.21405423426617776,-0.2085263283275259,-0.2166794037311197,0.006944787436092837,526,-0.19872843047326127,-0.19434071646516998,-0.20043334292921797,-0.2000966519780661,-0.20129649322864834,-0.19897912701487272,0.0024621735650117633
0.02811732292175293,0.0022512075302854365,0.006371402740478515,0.001156188185329393,3,0.9,10,2,"{'model__regressor__max_depth': 3, 'model__regressor__max_features': 0.9, 'model__regressor__min_samples_leaf': 10, 'model__regressor__min_samples_split': 2}",-0.21834624772976158,-0.22909319005209688,-0.21337701828003647,-0.21405423426617776,-0.2085263283275259,-0.2166794037311197,0.006944787436092837,526,-0.19872843047326127,-0.19434071646516998,-0.20043334292921797,-0.2000966519780661,-0.20129649322864834,-0.19897912701487272,0.0024621735650117633
0.02708292007446289,0.0016443652209111388,0.006024742126464843,0.0005339262707159692,3,0.9,10,3,"{'model__regressor__max_depth': 3, 'model__regressor__max_features': 0.9, 'model__regressor__min_samples_leaf': 10, 'model__regressor__min_samples_split': 3}",-0.21834624772976158,-0.22909319005209688,-0.21337701828003647,-0.21405423426617776,-0.2085263283275259,-0.2166794037311197,0.006944787436092837,526,-0.19872843047326127,-0.19434071646516998,-0.20043334292921797,-0.2000966519780661,-0.20129649322864834,-0.19897912701487272,0.0024621735650117633
0.02552971839904785,0.001548997553287821,0.007226181030273437,0.0018079007872470333,3,0.9,10,5,"{'model__regressor__max_depth': 3, 'model__regressor__max_features': 0.9, 'model__regressor__min_samples_leaf': 10, 'model__regressor__min_samples_split': 5}",-0.21834624772976158,-0.22909319005209688,-0.21337701828003647,-0.21405423426617776,-0.2085263283275259,-0.2166794037311197,0.006944787436092837,526,-0.19872843047326127,-0.19434071646516998,-0.20043334292921797,-0.2000966519780661,-0.20129649322864834,-0.19897912701487272,0.0024621735650117633
0.02641324996948242,0.0016113438233532908,0.005707597732543946,0.00020472033669728882,3,0.9,10,7,"{'model__regressor__max_depth': 3, 'model__regressor__max_features': 0.9, 'model__regressor__min_samples_leaf': 10, 'model__regressor__min_samples_split': 7}",-0.21834624772976158,-0.22909319005209688,-0.21337701828003647,-0.21405423426617776,-0.2085263283275259,-0.2166794037311197,0.006944787436092837,526,-0.19872843047326127,-0.19434071646516998,-0.20043334292921797,-0.2000966519780661,-0.20129649322864834,-0.19897912701487272,0.0024621735650117633
0.027060842514038085,0.001556417649723575,0.0065419673919677734,0.0012275301492497557,3,0.9,10,10,"{'model__regressor__max_depth': 3, 'model__regressor__max_features': 0.9, 'model__regressor__min_samples_leaf': 10, 'model__regressor__min_samples_split': 10}",-0.21834624772976158,-0.22909319005209688,-0.21337701828003647,-0.21405423426617776,-0.2085263283275259,-0.2166794037311197,0.006944787436092837,526,-0.19872843047326127,-0.19434071646516998,-0.20043334292921797,-0.2000966519780661,-0.20129649322864834,-0.19897912701487272,0.0024621735650117633
0.027020359039306642,0.001716625012254986,0.007384395599365235,0.001673177726422923,3,0.8,1,2,"{'model__regressor__max_depth': 3, 'model__regressor__max_features': 0.8, 'model__regressor__min_samples_leaf': 1, 'model__regressor__min_samples_split': 2}",-0.21925827213996213,-0.23630390678145738,-0.22534322707660678,-0.2088391539794817,-0.21501734013960352,-0.22095238002342232,0.009378420515012626,576,-0.19762226968560953,-0.19848317109614735,-0.20024083737888604,-0.20422649268666548,-0.20329220700091177,-0.20077299556964406,0.002597176568061775
0.027183151245117186,0.002889427917416758,0.006856250762939453,0.001187612127224862,3,0.8,1,3,"{'model__regressor__max_depth': 3, 'model__regressor__max_features': 0.8, 'model__regressor__min_samples_leaf': 1, 'model__regressor__min_samples_split': 3}",-0.21925827213996213,-0.23630390678145738,-0.22534322707660678,-0.2088391539794817,-0.21501734013960352,-0.22095238002342232,0.009378420515012626,576,-0.19762226968560953,-0.19848317109614735,-0.20024083737888604,-0.20422649268666548,-0.20329220700091177,-0.20077299556964406,0.002597176568061775
0.02554006576538086,0.0018668357402448683,0.005854558944702148,0.0003893117230342073,3,0.8,1,5,"{'model__regressor__max_depth': 3, 'model__regressor__max_features': 0.8, 'model__regressor__min_samples_leaf': 1, 'model__regressor__min_samples_split': 5}",-0.21925827213996213,-0.23630390678145738,-0.22534322707660678,-0.2088391539794817,-0.21501734013960352,-0.22095238002342232,0.009378420515012626,576,-0.19762226968560953,-0.19848317109614735,-0.20024083737888604,-0.20422649268666548,-0.20329220700091177,-0.20077299556964406,0.002597176568061775
0.025836658477783204,0.0015733518994005486,0.006258392333984375,0.00039679884860265176,3,0.8,1,7,"{'model__regressor__max_depth': 3, 'model__regressor__max_features': 0.8, 'model__regressor__min_samples_leaf': 1, 'model__regressor__min_samples_split': 7}",-0.21925827213996213,-0.23630390678145738,-0.22534322707660678,-0.2088391539794817,-0.21501734013960352,-0.22095238002342232,0.009378420515012626,576,-0.19762226968560953,-0.19848317109614735,-0.20024083737888604,-0.20422649268666548,-0.20329220700091177,-0.20077299556964406,0.002597176568061775
0.026877212524414062,0.0019488329020518735,0.00656743049621582,0.001927648671985771,3,0.8,1,10,"{'model__regressor__max_depth': 3, 'model__regressor__max_features': 0.8, 'model__regressor__min_samples_leaf': 1, 'model__regressor__min_samples_split': 10}",-0.21925827213996213,-0.23630390678145738,-0.22534322707660678,-0.2088391539794817,-0.21501734013960352,-0.22095238002342232,0.009378420515012626,576,-0.19762226968560953,-0.19848317109614735,-0.20024083737888604,-0.20422649268666548,-0.20329220700091177,-0.20077299556964406,0.002597176568061775
0.0251920223236084,0.002405218378889685,0.00684666633605957,0.0015086085585545971,3,0.8,3,2,"{'model__regressor__max_depth': 3, 'model__regressor__max_features': 0.8, 'model__regressor__min_samples_leaf': 3, 'model__regressor__min_samples_split': 2}",-0.21925827213996213,-0.23630390678145738,-0.22534322707660678,-0.2088391539794817,-0.21501734013960352,-0.22095238002342232,0.009378420515012626,576,-0.19762226968560953,-0.19848317109614735,-0.20024083737888604,-0.20422649268666548,-0.20329220700091177,-0.20077299556964406,0.002597176568061775
0.026181983947753906,0.001949103491640599,0.00572657585144043,8.355365413138054e-05,3,0.8,3,3,"{'model__regressor__max_depth': 3, 'model__regressor__max_features': 0.8, 'model__regressor__min_samples_leaf': 3, 'model__regressor__min_samples_split': 3}",-0.21925827213996213,-0.23630390678145738,-0.22534322707660678,-0.2088391539794817,-0.21501734013960352,-0.22095238002342232,0.009378420515012626,576,-0.19762226968560953,-0.19848317109614735,-0.20024083737888604,-0.20422649268666548,-0.20329220700091177,-0.20077299556964406,0.002597176568061775
0.025695610046386718,0.0030809844635902063,0.006691122055053711,0.0016359748278460251,3,0.8,3,5,"{'model__regressor__max_depth': 3, 'model__regressor__max_features': 0.8, 'model__regressor__min_samples_leaf': 3, 'model__regressor__min_samples_split': 5}",-0.21925827213996213,-0.23630390678145738,-0.22534322707660678,-0.2088391539794817,-0.21501734013960352,-0.22095238002342232,0.009378420515012626,576,-0.19762226968560953,-0.19848317109614735,-0.20024083737888604,-0.20422649268666548,-0.20329220700091177,-0.20077299556964406,0.002597176568061775
0.02570347785949707,0.0016537747576226703,0.007365894317626953,0.0017966041885445663,3,0.8,3,7,"{'model__regressor__max_depth': 3, 'model__regressor__max_features': 0.8, 'model__regressor__min_samples_leaf': 3, 'model__regressor__min_samples_split': 7}",-0.21925827213996213,-0.23630390678145738,-0.22534322707660678,-0.2088391539794817,-0.21501734013960352,-0.22095238002342232,0.009378420515012626,576,-0.19762226968560953,-0.19848317109614735,-0.20024083737888604,-0.20422649268666548,-0.20329220700091177,-0.20077299556964406,0.002597176568061775
0.026961135864257812,0.0009647675534251817,0.006405830383300781,0.0007293322304687722,3,0.8,3,10,"{'model__regressor__max_depth': 3, 'model__regressor__max_features': 0.8, 'model__regressor__min_samples_leaf': 3, 'model__regressor__min_samples_split': 10}",-0.21925827213996213,-0.23630390678145738,-0.22534322707660678,-0.2088391539794817,-0.21501734013960352,-0.22095238002342232,0.009378420515012626,576,-0.19762226968560953,-0.19848317109614735,-0.20024083737888604,-0.20422649268666548,-0.20329220700091177,-0.20077299556964406,0.002597176568061775
0.02802448272705078,0.002932826115875557,0.006256198883056641,0.00012064928085413855,3,0.8,5,2,"{'model__regressor__max_depth': 3, 'model__regressor__max_features': 0.8, 'model__regressor__min_samples_leaf': 5, 'model__regressor__min_samples_split': 2}",-0.21925827213996213,-0.23630390678145738,-0.22534322707660678,-0.2088391539794817,-0.21501734013960352,-0.22095238002342232,0.009378420515012626,576,-0.19762226968560953,-0.19848317109614735,-0.20024083737888604,-0.20422649268666548,-0.20329220700091177,-0.20077299556964406,0.002597176568061775
0.026754236221313475,0.002681260910313327,0.00613551139831543,0.00033077600791933404,3,0.8,5,3,"{'model__regressor__max_depth': 3, 'model__regressor__max_features': 0.8, 'model__regressor__min_samples_leaf': 5, 'model__regressor__min_samples_split': 3}",-0.21925827213996213,-0.23630390678145738,-0.22534322707660678,-0.2088391539794817,-0.21501734013960352,-0.22095238002342232,0.009378420515012626,576,-0.19762226968560953,-0.19848317109614735,-0.20024083737888604,-0.20422649268666548,-0.20329220700091177,-0.20077299556964406,0.002597176568061775
0.02744293212890625,0.002854153544179202,0.006686353683471679,0.0016134434366056117,3,0.8,5,5,"{'model__regressor__max_depth': 3, 'model__regressor__max_features': 0.8, 'model__regressor__min_samples_leaf': 5, 'model__regressor__min_samples_split': 5}",-0.21925827213996213,-0.23630390678145738,-0.22534322707660678,-0.2088391539794817,-0.21501734013960352,-0.22095238002342232,0.009378420515012626,576,-0.19762226968560953,-0.19848317109614735,-0.20024083737888604,-0.20422649268666548,-0.20329220700091177,-0.20077299556964406,0.002597176568061775
0.02636871337890625,0.0019350338332573833,0.0057318687438964845,0.0001377247700015418,3,0.8,5,7,"{'model__regressor__max_depth': 3, 'model__regressor__max_features': 0.8, 'model__regressor__min_samples_leaf': 5, 'model__regressor__min_samples_split': 7}",-0.21925827213996213,-0.23630390678145738,-0.22534322707660678,-0.2088391539794817,-0.21501734013960352,-0.22095238002342232,0.009378420515012626,576,-0.19762226968560953,-0.19848317109614735,-0.20024083737888604,-0.20422649268666548,-0.20329220700091177,-0.20077299556964406,0.002597176568061775
0.024012088775634766,0.000725924852730469,0.006316661834716797,0.0008755899514336753,3,0.8,5,10,"{'model__regressor__max_depth': 3, 'model__regressor__max_features': 0.8, 'model__regressor__min_samples_leaf': 5, 'model__regressor__min_samples_split': 10}",-0.21925827213996213,-0.23630390678145738,-0.22534322707660678,-0.2088391539794817,-0.21501734013960352,-0.22095238002342232,0.009378420515012626,576,-0.19762226968560953,-0.19848317109614735,-0.20024083737888604,-0.20422649268666548,-0.20329220700091177,-0.20077299556964406,0.002597176568061775
0.027559375762939452,0.0024527143856742247,0.0057522296905517575,2.695231086060274e-05,3,0.8,7,2,"{'model__regressor__max_depth': 3, 'model__regressor__max_features': 0.8, 'model__regressor__min_samples_leaf': 7, 'model__regressor__min_samples_split': 2}",-0.21925827213996213,-0.23630390678145738,-0.22534322707660678,-0.2088391539794817,-0.21501734013960352,-0.22095238002342232,0.009378420515012626,576,-0.19762226968560953,-0.19848317109614735,-0.20024083737888604,-0.20422649268666548,-0.20329220700091177,-0.20077299556964406,0.002597176568061775
0.02536015510559082,0.0010415776766911622,0.00598301887512207,0.00039411078921401443,3,0.8,7,3,"{'model__regressor__max_depth': 3, 'model__regressor__max_features': 0.8, 'model__regressor__min_samples_leaf': 7, 'model__regressor__min_samples_split': 3}",-0.21925827213996213,-0.23630390678145738,-0.22534322707660678,-0.2088391539794817,-0.21501734013960352,-0.22095238002342232,0.009378420515012626,576,-0.19762226968560953,-0.19848317109614735,-0.20024083737888604,-0.20422649268666548,-0.20329220700091177,-0.20077299556964406,0.002597176568061775
0.027655982971191408,0.002286532202042262,0.006661605834960937,0.0012996150462660026,3,0.8,7,5,"{'model__regressor__max_depth': 3, 'model__regressor__max_features': 0.8, 'model__regressor__min_samples_leaf': 7, 'model__regressor__min_samples_split': 5}",-0.21925827213996213,-0.23630390678145738,-0.22534322707660678,-0.2088391539794817,-0.21501734013960352,-0.22095238002342232,0.009378420515012626,576,-0.19762226968560953,-0.19848317109614735,-0.20024083737888604,-0.20422649268666548,-0.20329220700091177,-0.20077299556964406,0.002597176568061775
0.02596559524536133,0.0016183507993745678,0.007052183151245117,0.0009559535090189429,3,0.8,7,7,"{'model__regressor__max_depth': 3, 'model__regressor__max_features': 0.8, 'model__regressor__min_samples_leaf': 7, 'model__regressor__min_samples_split': 7}",-0.21925827213996213,-0.23630390678145738,-0.22534322707660678,-0.2088391539794817,-0.21501734013960352,-0.22095238002342232,0.009378420515012626,576,-0.19762226968560953,-0.19848317109614735,-0.20024083737888604,-0.20422649268666548,-0.20329220700091177,-0.20077299556964406,0.002597176568061775
0.0265625,0.001745819920279048,0.006834602355957032,0.0011070960043215799,3,0.8,7,10,"{'model__regressor__max_depth': 3, 'model__regressor__max_features': 0.8, 'model__regressor__min_samples_leaf': 7, 'model__regressor__min_samples_split': 10}",-0.21925827213996213,-0.23630390678145738,-0.22534322707660678,-0.2088391539794817,-0.21501734013960352,-0.22095238002342232,0.009378420515012626,576,-0.19762226968560953,-0.19848317109614735,-0.20024083737888604,-0.20422649268666548,-0.20329220700091177,-0.20077299556964406,0.002597176568061775
0.02613358497619629,0.0018365823079831863,0.006059169769287109,0.00033369090223888325,3,0.8,10,2,"{'model__regressor__max_depth': 3, 'model__regressor__max_features': 0.8, 'model__regressor__min_samples_leaf': 10, 'model__regressor__min_samples_split': 2}",-0.21925827213996213,-0.23630390678145738,-0.22534322707660678,-0.2088391539794817,-0.21501734013960352,-0.22095238002342232,0.009378420515012626,576,-0.19762226968560953,-0.19848317109614735,-0.20024083737888604,-0.20422649268666548,-0.20329220700091177,-0.20077299556964406,0.002597176568061775
0.026163434982299803,0.0018458366369406586,0.006609010696411133,0.0012033276103751373,3,0.8,10,3,"{'model__regressor__max_depth': 3, 'model__regressor__max_features': 0.8, 'model__regressor__min_samples_leaf': 10, 'model__regressor__min_samples_split': 3}",-0.21925827213996213,-0.23630390678145738,-0.22534322707660678,-0.2088391539794817,-0.21501734013960352,-0.22095238002342232,0.009378420515012626,576,-0.19762226968560953,-0.19848317109614735,-0.20024083737888604,-0.20422649268666548,-0.20329220700091177,-0.20077299556964406,0.002597176568061775
0.026691246032714843,0.0017230696371674165,0.005920553207397461,0.00011264157365649533,3,0.8,10,5,"{'model__regressor__max_depth': 3, 'model__regressor__max_features': 0.8, 'model__regressor__min_samples_leaf': 10, 'model__regressor__min_samples_split': 5}",-0.21925827213996213,-0.23630390678145738,-0.22534322707660678,-0.2088391539794817,-0.21501734013960352,-0.22095238002342232,0.009378420515012626,576,-0.19762226968560953,-0.19848317109614735,-0.20024083737888604,-0.20422649268666548,-0.20329220700091177,-0.20077299556964406,0.002597176568061775
0.02542405128479004,0.00154075682325557,0.006311798095703125,0.0009940142596303217,3,0.8,10,7,"{'model__regressor__max_depth': 3, 'model__regressor__max_features': 0.8, 'model__regressor__min_samples_leaf': 10, 'model__regressor__min_samples_split': 7}",-0.21925827213996213,-0.23630390678145738,-0.22534322707660678,-0.2088391539794817,-0.21501734013960352,-0.22095238002342232,0.009378420515012626,576,-0.19762226968560953,-0.19848317109614735,-0.20024083737888604,-0.20422649268666548,-0.20329220700091177,-0.20077299556964406,0.002597176568061775
0.025246477127075194,0.0024101629543766064,0.006496906280517578,0.0015760380391017352,3,0.8,10,10,"{'model__regressor__max_depth': 3, 'model__regressor__max_features': 0.8, 'model__regressor__min_samples_leaf': 10, 'model__regressor__min_samples_split': 10}",-0.21925827213996213,-0.23630390678145738,-0.22534322707660678,-0.2088391539794817,-0.21501734013960352,-0.22095238002342232,0.009378420515012626,576,-0.19762226968560953,-0.19848317109614735,-0.20024083737888604,-0.20422649268666548,-0.20329220700091177,-0.20077299556964406,0.002597176568061775
0.02465648651123047,0.001685751915161194,0.006923770904541016,0.0010667555704066281,3,0.7,1,2,"{'model__regressor__max_depth': 3, 'model__regressor__max_features': 0.7, 'model__regressor__min_samples_leaf': 1, 'model__regressor__min_samples_split': 2}",-0.21886255869755547,-0.2296759445963651,-0.2334914259196513,-0.20778451135314605,-0.2101672700262043,-0.21999634211858443,0.010225819523269402,551,-0.2044049440074495,-0.1966325685855902,-0.20901550038956734,-0.20297598911635825,-0.202279697356308,-0.20306173989105464,0.003980066551415232
0.02337479591369629,0.000907409923983633,0.006141567230224609,0.0009671229486699337,3,0.7,1,3,"{'model__regressor__max_depth': 3, 'model__regressor__max_features': 0.7, 'model__regressor__min_samples_leaf': 1, 'model__regressor__min_samples_split': 3}",-0.21886255869755547,-0.2296759445963651,-0.2334914259196513,-0.20778451135314605,-0.2101672700262043,-0.21999634211858443,0.010225819523269402,551,-0.2044049440074495,-0.1966325685855902,-0.20901550038956734,-0.20297598911635825,-0.202279697356308,-0.20306173989105464,0.003980066551415232
0.025742721557617188,0.0012283324029134612,0.005799293518066406,0.00021655705351833688,3,0.7,1,5,"{'model__regressor__max_depth': 3, 'model__regressor__max_features': 0.7, 'model__regressor__min_samples_leaf': 1, 'model__regressor__min_samples_split': 5}",-0.21886255869755547,-0.2296759445963651,-0.2334914259196513,-0.20778451135314605,-0.2101672700262043,-0.21999634211858443,0.010225819523269402,551,-0.2044049440074495,-0.1966325685855902,-0.20901550038956734,-0.20297598911635825,-0.202279697356308,-0.20306173989105464,0.003980066551415232
0.0262575626373291,0.0027734936902208468,0.005826902389526367,0.00022682399328569634,3,0.7,1,7,"{'model__regressor__max_depth': 3, 'model__regressor__max_features': 0.7, 'model__regressor__min_samples_leaf': 1, 'model__regressor__min_samples_split': 7}",-0.21886255869755547,-0.2296759445963651,-0.2334914259196513,-0.20778451135314605,-0.2101672700262043,-0.21999634211858443,0.010225819523269402,551,-0.2044049440074495,-0.1966325685855902,-0.20901550038956734,-0.20297598911635825,-0.202279697356308,-0.20306173989105464,0.003980066551415232
0.026103878021240236,0.002629181679643597,0.005809402465820313,0.0001759481687862882,3,0.7,1,10,"{'model__regressor__max_depth': 3, 'model__regressor__max_features': 0.7, 'model__regressor__min_samples_leaf': 1, 'model__regressor__min_samples_split': 10}",-0.21886255869755547,-0.2296759445963651,-0.2334914259196513,-0.20778451135314605,-0.2101672700262043,-0.21999634211858443,0.010225819523269402,551,-0.2044049440074495,-0.1966325685855902,-0.20901550038956734,-0.20297598911635825,-0.202279697356308,-0.20306173989105464,0.003980066551415232
0.026113367080688475,0.0019121658445004567,0.0061588287353515625,0.0005131531546876514,3,0.7,3,2,"{'model__regressor__max_depth': 3, 'model__regressor__max_features': 0.7, 'model__regressor__min_samples_leaf': 3, 'model__regressor__min_samples_split': 2}",-0.21886255869755547,-0.2296759445963651,-0.2334914259196513,-0.20778451135314605,-0.2101672700262043,-0.21999634211858443,0.010225819523269402,551,-0.2044049440074495,-0.1966325685855902,-0.20901550038956734,-0.20297598911635825,-0.202279697356308,-0.20306173989105464,0.003980066551415232
0.024524784088134764,0.001726802033819428,0.006118583679199219,0.0009000960685883184,3,0.7,3,3,"{'model__regressor__max_depth': 3, 'model__regressor__max_features': 0.7, 'model__regressor__min_samples_leaf': 3, 'model__regressor__min_samples_split': 3}",-0.21886255869755547,-0.2296759445963651,-0.2334914259196513,-0.20778451135314605,-0.2101672700262043,-0.21999634211858443,0.010225819523269402,551,-0.2044049440074495,-0.1966325685855902,-0.20901550038956734,-0.20297598911635825,-0.202279697356308,-0.20306173989105464,0.003980066551415232
0.02616710662841797,0.0018181635980686515,0.005649471282958984,7.057618437465455e-05,3,0.7,3,5,"{'model__regressor__max_depth': 3, 'model__regressor__max_features': 0.7, 'model__regressor__min_samples_leaf': 3, 'model__regressor__min_samples_split': 5}",-0.21886255869755547,-0.2296759445963651,-0.2334914259196513,-0.20778451135314605,-0.2101672700262043,-0.21999634211858443,0.010225819523269402,551,-0.2044049440074495,-0.1966325685855902,-0.20901550038956734,-0.20297598911635825,-0.202279697356308,-0.20306173989105464,0.003980066551415232
0.026175451278686524,0.001910219573377516,0.006426954269409179,0.001301456339611856,3,0.7,3,7,"{'model__regressor__max_depth': 3, 'model__regressor__max_features': 0.7, 'model__regressor__min_samples_leaf': 3, 'model__regressor__min_samples_split': 7}",-0.21886255869755547,-0.2296759445963651,-0.2334914259196513,-0.20778451135314605,-0.2101672700262043,-0.21999634211858443,0.010225819523269402,551,-0.2044049440074495,-0.1966325685855902,-0.20901550038956734,-0.20297598911635825,-0.202279697356308,-0.20306173989105464,0.003980066551415232
0.02416839599609375,0.0011162755592212337,0.0058746337890625,0.00032734886538952614,3,0.7,3,10,"{'model__regressor__max_depth': 3, 'model__regressor__max_features': 0.7, 'model__regressor__min_samples_leaf': 3, 'model__regressor__min_samples_split': 10}",-0.21886255869755547,-0.2296759445963651,-0.2334914259196513,-0.20778451135314605,-0.2101672700262043,-0.21999634211858443,0.010225819523269402,551,-0.2044049440074495,-0.1966325685855902,-0.20901550038956734,-0.20297598911635825,-0.202279697356308,-0.20306173989105464,0.003980066551415232
0.02739882469177246,0.002506699910163048,0.006063508987426758,0.0003414152520994557,3,0.7,5,2,"{'model__regressor__max_depth': 3, 'model__regressor__max_features': 0.7, 'model__regressor__min_samples_leaf': 5, 'model__regressor__min_samples_split': 2}",-0.21886255869755547,-0.2296759445963651,-0.2334914259196513,-0.20778451135314605,-0.2101672700262043,-0.21999634211858443,0.010225819523269402,551,-0.2044049440074495,-0.1966325685855902,-0.20901550038956734,-0.20297598911635825,-0.202279697356308,-0.20306173989105464,0.003980066551415232
0.024039840698242186,0.0010995524149708558,0.008497667312622071,0.0012783837504084297,3,0.7,5,3,"{'model__regressor__max_depth': 3, 'model__regressor__max_features': 0.7, 'model__regressor__min_samples_leaf': 5, 'model__regressor__min_samples_split': 3}",-0.21886255869755547,-0.2296759445963651,-0.2334914259196513,-0.20778451135314605,-0.2101672700262043,-0.21999634211858443,0.010225819523269402,551,-0.2044049440074495,-0.1966325685855902,-0.20901550038956734,-0.20297598911635825,-0.202279697356308,-0.20306173989105464,0.003980066551415232
0.026208782196044923,0.0010602800401988822,0.005830907821655273,3.70182294225669e-05,3,0.7,5,5,"{'model__regressor__max_depth': 3, 'model__regressor__max_features': 0.7, 'model__regressor__min_samples_leaf': 5, 'model__regressor__min_samples_split': 5}",-0.21886255869755547,-0.2296759445963651,-0.2334914259196513,-0.20778451135314605,-0.2101672700262043,-0.21999634211858443,0.010225819523269402,551,-0.2044049440074495,-0.1966325685855902,-0.20901550038956734,-0.20297598911635825,-0.202279697356308,-0.20306173989105464,0.003980066551415232
0.02639880180358887,0.0016388470919256439,0.006504344940185547,0.0012273021153828153,3,0.7,5,7,"{'model__regressor__max_depth': 3, 'model__regressor__max_features': 0.7, 'model__regressor__min_samples_leaf': 5, 'model__regressor__min_samples_split': 7}",-0.21886255869755547,-0.2296759445963651,-0.2334914259196513,-0.20778451135314605,-0.2101672700262043,-0.21999634211858443,0.010225819523269402,551,-0.2044049440074495,-0.1966325685855902,-0.20901550038956734,-0.20297598911635825,-0.202279697356308,-0.20306173989105464,0.003980066551415232
0.024627208709716797,0.0012596628877726763,0.0058133602142333984,0.00020493587911972103,3,0.7,5,10,"{'model__regressor__max_depth': 3, 'model__regressor__max_features': 0.7, 'model__regressor__min_samples_leaf': 5, 'model__regressor__min_samples_split': 10}",-0.21886255869755547,-0.2296759445963651,-0.2334914259196513,-0.20778451135314605,-0.2101672700262043,-0.21999634211858443,0.010225819523269402,551,-0.2044049440074495,-0.1966325685855902,-0.20901550038956734,-0.20297598911635825,-0.202279697356308,-0.20306173989105464,0.003980066551415232
0.02430753707885742,0.0012658875389708303,0.006739616394042969,0.0012079297771397694,3,0.7,7,2,"{'model__regressor__max_depth': 3, 'model__regressor__max_features': 0.7, 'model__regressor__min_samples_leaf': 7, 'model__regressor__min_samples_split': 2}",-0.21886255869755547,-0.2296759445963651,-0.2334914259196513,-0.20778451135314605,-0.2101672700262043,-0.21999634211858443,0.010225819523269402,551,-0.2044049440074495,-0.1966325685855902,-0.20901550038956734,-0.20297598911635825,-0.202279697356308,-0.20306173989105464,0.003980066551415232
0.026209354400634766,0.0018743516506735751,0.005922842025756836,0.0003588842385090384,3,0.7,7,3,"{'model__regressor__max_depth': 3, 'model__regressor__max_features': 0.7, 'model__regressor__min_samples_leaf': 7, 'model__regressor__min_samples_split': 3}",-0.21886255869755547,-0.2296759445963651,-0.2334914259196513,-0.20778451135314605,-0.2101672700262043,-0.21999634211858443,0.010225819523269402,551,-0.2044049440074495,-0.1966325685855902,-0.20901550038956734,-0.20297598911635825,-0.202279697356308,-0.20306173989105464,0.003980066551415232
0.025105381011962892,0.0018589184595630248,0.005729007720947266,0.00017887873429136062,3,0.7,7,5,"{'model__regressor__max_depth': 3, 'model__regressor__max_features': 0.7, 'model__regressor__min_samples_leaf': 7, 'model__regressor__min_samples_split': 5}",-0.21886255869755547,-0.2296759445963651,-0.2334914259196513,-0.20778451135314605,-0.2101672700262043,-0.21999634211858443,0.010225819523269402,551,-0.2044049440074495,-0.1966325685855902,-0.20901550038956734,-0.20297598911635825,-0.202279697356308,-0.20306173989105464,0.003980066551415232
0.02530193328857422,0.0015490879087122335,0.006191778182983399,0.0007976529274415076,3,0.7,7,7,"{'model__regressor__max_depth': 3, 'model__regressor__max_features': 0.7, 'model__regressor__min_samples_leaf': 7, 'model__regressor__min_samples_split': 7}",-0.21886255869755547,-0.2296759445963651,-0.2334914259196513,-0.20778451135314605,-0.2101672700262043,-0.21999634211858443,0.010225819523269402,551,-0.2044049440074495,-0.1966325685855902,-0.20901550038956734,-0.20297598911635825,-0.202279697356308,-0.20306173989105464,0.003980066551415232
0.02508535385131836,0.003300260875283622,0.006357240676879883,0.001080846875904672,3,0.7,7,10,"{'model__regressor__max_depth': 3, 'model__regressor__max_features': 0.7, 'model__regressor__min_samples_leaf': 7, 'model__regressor__min_samples_split': 10}",-0.21886255869755547,-0.2296759445963651,-0.2334914259196513,-0.20778451135314605,-0.2101672700262043,-0.21999634211858443,0.010225819523269402,551,-0.2044049440074495,-0.1966325685855902,-0.20901550038956734,-0.20297598911635825,-0.202279697356308,-0.20306173989105464,0.003980066551415232
0.024931669235229492,0.0018837046639992969,0.007724237442016601,0.0016641281487985782,3,0.7,10,2,"{'model__regressor__max_depth': 3, 'model__regressor__max_features': 0.7, 'model__regressor__min_samples_leaf': 10, 'model__regressor__min_samples_split': 2}",-0.21886255869755547,-0.2296759445963651,-0.2334914259196513,-0.20778451135314605,-0.2101672700262043,-0.21999634211858443,0.010225819523269402,551,-0.2044049440074495,-0.1966325685855902,-0.20901550038956734,-0.20297598911635825,-0.202279697356308,-0.20306173989105464,0.003980066551415232
0.023662805557250977,0.0011594374876242872,0.0066143512725830075,0.0014861035345282738,3,0.7,10,3,"{'model__regressor__max_depth': 3, 'model__regressor__max_features': 0.7, 'model__regressor__min_samples_leaf': 10, 'model__regressor__min_samples_split': 3}",-0.21886255869755547,-0.2296759445963651,-0.2334914259196513,-0.20778451135314605,-0.2101672700262043,-0.21999634211858443,0.010225819523269402,551,-0.2044049440074495,-0.1966325685855902,-0.20901550038956734,-0.20297598911635825,-0.202279697356308,-0.20306173989105464,0.003980066551415232
0.025175189971923827,0.0014011388087252267,0.007279634475708008,0.0019732693844318975,3,0.7,10,5,"{'model__regressor__max_depth': 3, 'model__regressor__max_features': 0.7, 'model__regressor__min_samples_leaf': 10, 'model__regressor__min_samples_split': 5}",-0.21886255869755547,-0.2296759445963651,-0.2334914259196513,-0.20778451135314605,-0.2101672700262043,-0.21999634211858443,0.010225819523269402,551,-0.2044049440074495,-0.1966325685855902,-0.20901550038956734,-0.20297598911635825,-0.202279697356308,-0.20306173989105464,0.003980066551415232
0.025340509414672852,0.000763667733566396,0.006699943542480468,0.0011438001025154878,3,0.7,10,7,"{'model__regressor__max_depth': 3, 'model__regressor__max_features': 0.7, 'model__regressor__min_samples_leaf': 10, 'model__regressor__min_samples_split': 7}",-0.21886255869755547,-0.2296759445963651,-0.2334914259196513,-0.20778451135314605,-0.2101672700262043,-0.21999634211858443,0.010225819523269402,551,-0.2044049440074495,-0.1966325685855902,-0.20901550038956734,-0.20297598911635825,-0.202279697356308,-0.20306173989105464,0.003980066551415232
0.025223827362060545,0.0014827042349840774,0.006735372543334961,0.0010422316758666775,3,0.7,10,10,"{'model__regressor__max_depth': 3, 'model__regressor__max_features': 0.7, 'model__regressor__min_samples_leaf': 10, 'model__regressor__min_samples_split': 10}",-0.21886255869755547,-0.2296759445963651,-0.2334914259196513,-0.20778451135314605,-0.2101672700262043,-0.21999634211858443,0.010225819523269402,551,-0.2044049440074495,-0.1966325685855902,-0.20901550038956734,-0.20297598911635825,-0.202279697356308,-0.20306173989105464,0.003980066551415232
0.02453899383544922,0.0015290590689066485,0.006891202926635742,0.001682569318053834,3,0.5,1,2,"{'model__regressor__max_depth': 3, 'model__regressor__max_features': 0.5, 'model__regressor__min_samples_leaf': 1, 'model__regressor__min_samples_split': 2}",-0.226119849309309,-0.23028739495082592,-0.24004374275059087,-0.2169672737364551,-0.2021116942798979,-0.22310599100541575,0.01285291938348333,601,-0.20173441894475877,-0.20231735291424494,-0.20275981757724568,-0.21655309057804722,-0.20404071192604098,-0.20548107838806753,0.005587772109496831
0.025453662872314452,0.0023454216721057034,0.007166910171508789,0.0012720423506609774,3,0.5,1,3,"{'model__regressor__max_depth': 3, 'model__regressor__max_features': 0.5, 'model__regressor__min_samples_leaf': 1, 'model__regressor__min_samples_split': 3}",-0.226119849309309,-0.23028739495082592,-0.24004374275059087,-0.2169672737364551,-0.2021116942798979,-0.22310599100541575,0.01285291938348333,601,-0.20173441894475877,-0.20231735291424494,-0.20275981757724568,-0.21655309057804722,-0.20404071192604098,-0.20548107838806753,0.005587772109496831
0.024798822402954102,0.0016740658919100911,0.006311559677124023,0.0005633465181532359,3,0.5,1,5,"{'model__regressor__max_depth': 3, 'model__regressor__max_features': 0.5, 'model__regressor__min_samples_leaf': 1, 'model__regressor__min_samples_split': 5}",-0.226119849309309,-0.23028739495082592,-0.24004374275059087,-0.2169672737364551,-0.2021116942798979,-0.22310599100541575,0.01285291938348333,601,-0.20173441894475877,-0.20231735291424494,-0.20275981757724568,-0.21655309057804722,-0.20404071192604098,-0.20548107838806753,0.005587772109496831
0.02508254051208496,0.001733701261409003,0.00572819709777832,0.00014964867025930192,3,0.5,1,7,"{'model__regressor__max_depth': 3, 'model__regressor__max_features': 0.5, 'model__regressor__min_samples_leaf': 1, 'model__regressor__min_samples_split': 7}",-0.226119849309309,-0.23028739495082592,-0.24004374275059087,-0.2169672737364551,-0.2021116942798979,-0.22310599100541575,0.01285291938348333,601,-0.20173441894475877,-0.20231735291424494,-0.20275981757724568,-0.21655309057804722,-0.20404071192604098,-0.20548107838806753,0.005587772109496831
0.023696231842041015,0.0016455064352474407,0.005966997146606446,0.0004072801691329956,3,0.5,1,10,"{'model__regressor__max_depth': 3, 'model__regressor__max_features': 0.5, 'model__regressor__min_samples_leaf': 1, 'model__regressor__min_samples_split': 10}",-0.226119849309309,-0.23028739495082592,-0.24004374275059087,-0.2169672737364551,-0.2021116942798979,-0.22310599100541575,0.01285291938348333,601,-0.20173441894475877,-0.20231735291424494,-0.20275981757724568,-0.21655309057804722,-0.20404071192604098,-0.20548107838806753,0.005587772109496831
0.024048376083374023,0.0016840590400508432,0.005739974975585938,9.109753955720612e-05,3,0.5,3,2,"{'model__regressor__max_depth': 3, 'model__regressor__max_features': 0.5, 'model__regressor__min_samples_leaf': 3, 'model__regressor__min_samples_split': 2}",-0.226119849309309,-0.23028739495082592,-0.24004374275059087,-0.2169672737364551,-0.2021116942798979,-0.22310599100541575,0.01285291938348333,601,-0.20173441894475877,-0.20231735291424494,-0.20275981757724568,-0.21655309057804722,-0.20404071192604098,-0.20548107838806753,0.005587772109496831
0.02423863410949707,0.0025600400221093673,0.005865669250488282,0.00040800926358198374,3,0.5,3,3,"{'model__regressor__max_depth': 3, 'model__regressor__max_features': 0.5, 'model__regressor__min_samples_leaf': 3, 'model__regressor__min_samples_split': 3}",-0.226119849309309,-0.23028739495082592,-0.24004374275059087,-0.2169672737364551,-0.2021116942798979,-0.22310599100541575,0.01285291938348333,601,-0.20173441894475877,-0.20231735291424494,-0.20275981757724568,-0.21655309057804722,-0.20404071192604098,-0.20548107838806753,0.005587772109496831
0.024106884002685548,0.0019259366908664537,0.005622768402099609,5.2220222201234434e-05,3,0.5,3,5,"{'model__regressor__max_depth': 3, 'model__regressor__max_features': 0.5, 'model__regressor__min_samples_leaf': 3, 'model__regressor__min_samples_split': 5}",-0.226119849309309,-0.23028739495082592,-0.24004374275059087,-0.2169672737364551,-0.2021116942798979,-0.22310599100541575,0.01285291938348333,601,-0.20173441894475877,-0.20231735291424494,-0.20275981757724568,-0.21655309057804722,-0.20404071192604098,-0.20548107838806753,0.005587772109496831
0.023955917358398436,0.0013579221594466485,0.006432437896728515,0.00128243753682453,3,0.5,3,7,"{'model__regressor__max_depth': 3, 'model__regressor__max_features': 0.5, 'model__regressor__min_samples_leaf': 3, 'model__regressor__min_samples_split': 7}",-0.226119849309309,-0.23028739495082592,-0.24004374275059087,-0.2169672737364551,-0.2021116942798979,-0.22310599100541575,0.01285291938348333,601,-0.20173441894475877,-0.20231735291424494,-0.20275981757724568,-0.21655309057804722,-0.20404071192604098,-0.20548107838806753,0.005587772109496831
0.023768854141235352,0.0012773576896213138,0.0057696342468261715,0.0001571928678731029,3,0.5,3,10,"{'model__regressor__max_depth': 3, 'model__regressor__max_features': 0.5, 'model__regressor__min_samples_leaf': 3, 'model__regressor__min_samples_split': 10}",-0.226119849309309,-0.23028739495082592,-0.24004374275059087,-0.2169672737364551,-0.2021116942798979,-0.22310599100541575,0.01285291938348333,601,-0.20173441894475877,-0.20231735291424494,-0.20275981757724568,-0.21655309057804722,-0.20404071192604098,-0.20548107838806753,0.005587772109496831
0.023719072341918945,0.0020667281545199167,0.006055259704589843,0.0007211889955417627,3,0.5,5,2,"{'model__regressor__max_depth': 3, 'model__regressor__max_features': 0.5, 'model__regressor__min_samples_leaf': 5, 'model__regressor__min_samples_split': 2}",-0.226119849309309,-0.23028739495082592,-0.24004374275059087,-0.2169672737364551,-0.2021116942798979,-0.22310599100541575,0.01285291938348333,601,-0.20173441894475877,-0.20231735291424494,-0.20275981757724568,-0.21655309057804722,-0.20404071192604098,-0.20548107838806753,0.005587772109496831
0.02262845039367676,0.0010208000939065163,0.006950187683105469,0.0012325673800486685,3,0.5,5,3,"{'model__regressor__max_depth': 3, 'model__regressor__max_features': 0.5, 'model__regressor__min_samples_leaf': 5, 'model__regressor__min_samples_split': 3}",-0.226119849309309,-0.23028739495082592,-0.24004374275059087,-0.2169672737364551,-0.2021116942798979,-0.22310599100541575,0.01285291938348333,601,-0.20173441894475877,-0.20231735291424494,-0.20275981757724568,-0.21655309057804722,-0.20404071192604098,-0.20548107838806753,0.005587772109496831
0.023712682723999023,0.001710670264422522,0.006488037109375,0.00152124920275747,3,0.5,5,5,"{'model__regressor__max_depth': 3, 'model__regressor__max_features': 0.5, 'model__regressor__min_samples_leaf': 5, 'model__regressor__min_samples_split': 5}",-0.226119849309309,-0.23028739495082592,-0.24004374275059087,-0.2169672737364551,-0.2021116942798979,-0.22310599100541575,0.01285291938348333,601,-0.20173441894475877,-0.20231735291424494,-0.20275981757724568,-0.21655309057804722,-0.20404071192604098,-0.20548107838806753,0.005587772109496831
0.02297344207763672,0.0019243563455925608,0.006005716323852539,0.0007809753687308792,3,0.5,5,7,"{'model__regressor__max_depth': 3, 'model__regressor__max_features': 0.5, 'model__regressor__min_samples_leaf': 5, 'model__regressor__min_samples_split': 7}",-0.226119849309309,-0.23028739495082592,-0.24004374275059087,-0.2169672737364551,-0.2021116942798979,-0.22310599100541575,0.01285291938348333,601,-0.20173441894475877,-0.20231735291424494,-0.20275981757724568,-0.21655309057804722,-0.20404071192604098,-0.20548107838806753,0.005587772109496831
0.023740386962890624,0.0016003381820037927,0.006764268875122071,0.0014236264927794196,3,0.5,5,10,"{'model__regressor__max_depth': 3, 'model__regressor__max_features': 0.5, 'model__regressor__min_samples_leaf': 5, 'model__regressor__min_samples_split': 10}",-0.226119849309309,-0.23028739495082592,-0.24004374275059087,-0.2169672737364551,-0.2021116942798979,-0.22310599100541575,0.01285291938348333,601,-0.20173441894475877,-0.20231735291424494,-0.20275981757724568,-0.21655309057804722,-0.20404071192604098,-0.20548107838806753,0.005587772109496831
0.024313926696777344,0.001961978881838296,0.005697107315063477,0.00010923657631222443,3,0.5,7,2,"{'model__regressor__max_depth': 3, 'model__regressor__max_features': 0.5, 'model__regressor__min_samples_leaf': 7, 'model__regressor__min_samples_split': 2}",-0.226119849309309,-0.23028739495082592,-0.24004374275059087,-0.2169672737364551,-0.2021116942798979,-0.22310599100541575,0.01285291938348333,601,-0.20173441894475877,-0.20231735291424494,-0.20275981757724568,-0.21655309057804722,-0.20404071192604098,-0.20548107838806753,0.005587772109496831
0.023270654678344726,0.0021844048001034484,0.005551338195800781,9.30981048905968e-05,3,0.5,7,3,"{'model__regressor__max_depth': 3, 'model__regressor__max_features': 0.5, 'model__regressor__min_samples_leaf': 7, 'model__regressor__min_samples_split': 3}",-0.226119849309309,-0.23028739495082592,-0.24004374275059087,-0.2169672737364551,-0.2021116942798979,-0.22310599100541575,0.01285291938348333,601,-0.20173441894475877,-0.20231735291424494,-0.20275981757724568,-0.21655309057804722,-0.20404071192604098,-0.20548107838806753,0.005587772109496831
0.023975276947021486,0.0012697964164105284,0.006174755096435547,0.0007284687850747261,3,0.5,7,5,"{'model__regressor__max_depth': 3, 'model__regressor__max_features': 0.5, 'model__regressor__min_samples_leaf': 7, 'model__regressor__min_samples_split': 5}",-0.226119849309309,-0.23028739495082592,-0.24004374275059087,-0.2169672737364551,-0.2021116942798979,-0.22310599100541575,0.01285291938348333,601,-0.20173441894475877,-0.20231735291424494,-0.20275981757724568,-0.21655309057804722,-0.20404071192604098,-0.20548107838806753,0.005587772109496831
0.022543668746948242,0.001655706442455447,0.005732583999633789,0.000319844274117287,3,0.5,7,7,"{'model__regressor__max_depth': 3, 'model__regressor__max_features': 0.5, 'model__regressor__min_samples_leaf': 7, 'model__regressor__min_samples_split': 7}",-0.226119849309309,-0.23028739495082592,-0.24004374275059087,-0.2169672737364551,-0.2021116942798979,-0.22310599100541575,0.01285291938348333,601,-0.20173441894475877,-0.20231735291424494,-0.20275981757724568,-0.21655309057804722,-0.20404071192604098,-0.20548107838806753,0.005587772109496831
0.02592477798461914,0.0037866869464381996,0.00573582649230957,5.7534389816176614e-05,3,0.5,7,10,"{'model__regressor__max_depth': 3, 'model__regressor__max_features': 0.5, 'model__regressor__min_samples_leaf': 7, 'model__regressor__min_samples_split': 10}",-0.226119849309309,-0.23028739495082592,-0.24004374275059087,-0.2169672737364551,-0.2021116942798979,-0.22310599100541575,0.01285291938348333,601,-0.20173441894475877,-0.20231735291424494,-0.20275981757724568,-0.21655309057804722,-0.20404071192604098,-0.20548107838806753,0.005587772109496831
0.023239994049072267,0.0020345203636270553,0.0062926292419433595,0.0013908791326899964,3,0.5,10,2,"{'model__regressor__max_depth': 3, 'model__regressor__max_features': 0.5, 'model__regressor__min_samples_leaf': 10, 'model__regressor__min_samples_split': 2}",-0.226119849309309,-0.23028739495082592,-0.24004374275059087,-0.2169672737364551,-0.2021116942798979,-0.22310599100541575,0.01285291938348333,601,-0.20173441894475877,-0.20231735291424494,-0.20275981757724568,-0.21655309057804722,-0.20404071192604098,-0.20548107838806753,0.005587772109496831
0.024275875091552733,0.0015053569465172192,0.006096410751342774,0.0009554455568838378,3,0.5,10,3,"{'model__regressor__max_depth': 3, 'model__regressor__max_features': 0.5, 'model__regressor__min_samples_leaf': 10, 'model__regressor__min_samples_split': 3}",-0.226119849309309,-0.23028739495082592,-0.24004374275059087,-0.2169672737364551,-0.2021116942798979,-0.22310599100541575,0.01285291938348333,601,-0.20173441894475877,-0.20231735291424494,-0.20275981757724568,-0.21655309057804722,-0.20404071192604098,-0.20548107838806753,0.005587772109496831
0.023148870468139647,0.0012014717478940325,0.005845832824707031,0.0002894052896129424,3,0.5,10,5,"{'model__regressor__max_depth': 3, 'model__regressor__max_features': 0.5, 'model__regressor__min_samples_leaf': 10, 'model__regressor__min_samples_split': 5}",-0.226119849309309,-0.23028739495082592,-0.24004374275059087,-0.2169672737364551,-0.2021116942798979,-0.22310599100541575,0.01285291938348333,601,-0.20173441894475877,-0.20231735291424494,-0.20275981757724568,-0.21655309057804722,-0.20404071192604098,-0.20548107838806753,0.005587772109496831
0.024301671981811525,0.002172020958054855,0.005998754501342773,0.0007299710130547578,3,0.5,10,7,"{'model__regressor__max_depth': 3, 'model__regressor__max_features': 0.5, 'model__regressor__min_samples_leaf': 10, 'model__regressor__min_samples_split': 7}",-0.226119849309309,-0.23028739495082592,-0.24004374275059087,-0.2169672737364551,-0.2021116942798979,-0.22310599100541575,0.01285291938348333,601,-0.20173441894475877,-0.20231735291424494,-0.20275981757724568,-0.21655309057804722,-0.20404071192604098,-0.20548107838806753,0.005587772109496831
0.023479795455932616,0.0015076959564795703,0.006827163696289063,0.0015939947817308418,3,0.5,10,10,"{'model__regressor__max_depth': 3, 'model__regressor__max_features': 0.5, 'model__regressor__min_samples_leaf': 10, 'model__regressor__min_samples_split': 10}",-0.226119849309309,-0.23028739495082592,-0.24004374275059087,-0.2169672737364551,-0.2021116942798979,-0.22310599100541575,0.01285291938348333,601,-0.20173441894475877,-0.20231735291424494,-0.20275981757724568,-0.21655309057804722,-0.20404071192604098,-0.20548107838806753,0.005587772109496831
0.03229260444641113,0.0018028488096685149,0.0064891338348388675,0.0015356073393135857,5,,1,2,"{'model__regressor__max_depth': 5, 'model__regressor__max_features': None, 'model__regressor__min_samples_leaf': 1, 'model__regressor__min_samples_split': 2}",-0.2007669703515669,-0.2053791993285036,-0.18152463126807158,-0.18871978178486146,-0.19333098482877342,-0.1939443135123554,0.008476150905554486,394,-0.14431109075479365,-0.14244659462862314,-0.1453531159305409,-0.14177644456396413,-0.1477581442805562,-0.14432907803169562,0.002138558106898329
0.032035207748413085,0.001536486542466841,0.005795049667358399,0.00018630165073229576,5,,1,3,"{'model__regressor__max_depth': 5, 'model__regressor__max_features': None, 'model__regressor__min_samples_leaf': 1, 'model__regressor__min_samples_split': 3}",-0.2007669703515669,-0.20537919932850357,-0.18101570840147982,-0.18871978178486146,-0.19115186258560385,-0.19340670449040315,0.008696004677257577,381,-0.14431109075479365,-0.14255449380475047,-0.14536998282994423,-0.14177644456396413,-0.14786216752053588,-0.1443748358947977,0.0021550473575412668
0.032631635665893555,0.002286425029628954,0.00679173469543457,0.0010939629488775139,5,,1,5,"{'model__regressor__max_depth': 5, 'model__regressor__max_features': None, 'model__regressor__min_samples_leaf': 1, 'model__regressor__min_samples_split': 5}",-0.2007669703515669,-0.20537919932850357,-0.18101570840147982,-0.1903479340417003,-0.19115186258560385,-0.19373233494177092,0.008543548946313517,385,-0.14431109075479365,-0.14255449380475047,-0.14536998282994423,-0.1419567096881661,-0.14786216752053588,-0.14441088891963805,0.0021123609211626112
0.03127312660217285,0.0010903215340654555,0.006198978424072266,0.0009146224531979809,5,,1,7,"{'model__regressor__max_depth': 5, 'model__regressor__max_features': None, 'model__regressor__min_samples_leaf': 1, 'model__regressor__min_samples_split': 7}",-0.2007669703515669,-0.20537919932850357,-0.18101570840147982,-0.1903479340417003,-0.19115186258560385,-0.19373233494177092,0.008543548946313517,385,-0.14431109075479365,-0.14255449380475047,-0.14536998282994423,-0.1419567096881661,-0.14786216752053588,-0.14441088891963805,0.0021123609211626112
0.032005596160888675,0.0015239887406665964,0.006340789794921875,0.001345674737547856,5,,1,10,"{'model__regressor__max_depth': 5, 'model__regressor__max_features': None, 'model__regressor__min_samples_leaf': 1, 'model__regressor__min_samples_split': 10}",-0.2007669703515669,-0.20537919932850357,-0.18101570840147982,-0.1883998912244663,-0.19115186258560385,-0.19334272637832411,0.008731356771688365,375,-0.14431109075479365,-0.14255449380475047,-0.14536998282994423,-0.14309762128609632,-0.14786216752053588,-0.14463907123922412,0.0018842337237474768
0.032223176956176755,0.0017036837639009617,0.006153535842895508,0.0005611632605311351,5,,3,2,"{'model__regressor__max_depth': 5, 'model__regressor__max_features': None, 'model__regressor__min_samples_leaf': 3, 'model__regressor__min_samples_split': 2}",-0.18365367956347387,-0.20978975718983958,-0.19209795735549512,-0.1863419233693784,-0.18797506764899805,-0.191971677025437,0.009320472326870633,329,-0.14540103889107728,-0.1434156300864221,-0.14698243884558884,-0.14400979509667292,-0.14890441669691445,-0.1457426639233351,0.002003414633584708
0.03182749748229981,0.0020326224375964907,0.0056530475616455075,0.00013935941009108073,5,,3,3,"{'model__regressor__max_depth': 5, 'model__regressor__max_features': None, 'model__regressor__min_samples_leaf': 3, 'model__regressor__min_samples_split': 3}",-0.18365367956347387,-0.20978975718983958,-0.19209795735549512,-0.1863419233693784,-0.18797506764899805,-0.191971677025437,0.009320472326870633,329,-0.14540103889107728,-0.1434156300864221,-0.14698243884558884,-0.14400979509667292,-0.14890441669691445,-0.1457426639233351,0.002003414633584708
0.03302478790283203,0.0010097694543786007,0.006025171279907227,0.0006330137934058939,5,,3,5,"{'model__regressor__max_depth': 5, 'model__regressor__max_features': None, 'model__regressor__min_samples_leaf': 3, 'model__regressor__min_samples_split': 5}",-0.18365367956347387,-0.20978975718983958,-0.19209795735549512,-0.1863419233693784,-0.18797506764899805,-0.191971677025437,0.009320472326870633,329,-0.14540103889107728,-0.1434156300864221,-0.14698243884558884,-0.14400979509667292,-0.14890441669691445,-0.1457426639233351,0.002003414633584708
0.03299856185913086,0.0009902014595035563,0.005871105194091797,0.00036080564731189485,5,,3,7,"{'model__regressor__max_depth': 5, 'model__regressor__max_features': None, 'model__regressor__min_samples_leaf': 3, 'model__regressor__min_samples_split': 7}",-0.18365367956347387,-0.20978975718983958,-0.19209795735549512,-0.1863419233693784,-0.18797506764899805,-0.191971677025437,0.009320472326870633,329,-0.14540103889107728,-0.1434156300864221,-0.14698243884558884,-0.14400979509667292,-0.14890441669691445,-0.1457426639233351,0.002003414633584708
0.03195004463195801,0.0005672178609634727,0.0063744068145751955,0.000697643291746658,5,,3,10,"{'model__regressor__max_depth': 5, 'model__regressor__max_features': None, 'model__regressor__min_samples_leaf': 3, 'model__regressor__min_samples_split': 10}",-0.18365367956347387,-0.20978975718983958,-0.19209795735549512,-0.18521907325360132,-0.18797506764899805,-0.1917471070022816,0.009465805776317308,327,-0.14540103889107728,-0.1434156300864221,-0.14698243884558884,-0.14503809765759912,-0.14890441669691445,-0.14594832443552036,0.001862817703981836
0.031363630294799806,0.0007972714091031105,0.007711601257324219,0.0007893554222699161,5,,5,2,"{'model__regressor__max_depth': 5, 'model__regressor__max_features': None, 'model__regressor__min_samples_leaf': 5, 'model__regressor__min_samples_split': 2}",-0.18069556409176643,-0.20665031831459543,-0.20051461228813588,-0.1898779186549107,-0.18063603208319032,-0.19167488908651975,0.010469338382713031,311,-0.14721555779129836,-0.14520479573947365,-0.1477675888476714,-0.14654807936925487,-0.14979293242390915,-0.14730579083432147,0.0015096741202466088
0.0321599006652832,0.0016694334469872845,0.006443977355957031,0.0007226994686195414,5,,5,3,"{'model__regressor__max_depth': 5, 'model__regressor__max_features': None, 'model__regressor__min_samples_leaf': 5, 'model__regressor__min_samples_split': 3}",-0.18069556409176643,-0.20665031831459543,-0.20051461228813588,-0.1898779186549107,-0.18063603208319032,-0.19167488908651975,0.010469338382713031,311,-0.14721555779129836,-0.14520479573947365,-0.1477675888476714,-0.14654807936925487,-0.14979293242390915,-0.14730579083432147,0.0015096741202466088
0.032885169982910155,0.0007155626846362318,0.006133460998535156,0.0008660981629839225,5,,5,5,"{'model__regressor__max_depth': 5, 'model__regressor__max_features': None, 'model__regressor__min_samples_leaf': 5, 'model__regressor__min_samples_split': 5}",-0.18069556409176643,-0.20665031831459543,-0.20051461228813588,-0.1898779186549107,-0.18063603208319032,-0.19167488908651975,0.010469338382713031,311,-0.14721555779129836,-0.14520479573947365,-0.1477675888476714,-0.14654807936925487,-0.14979293242390915,-0.14730579083432147,0.0015096741202466088
0.03204178810119629,0.0011809725887481823,0.0069119930267333984,0.0011003225878376548,5,,5,7,"{'model__regressor__max_depth': 5, 'model__regressor__max_features': None, 'model__regressor__min_samples_leaf': 5, 'model__regressor__min_samples_split': 7}",-0.18069556409176643,-0.20665031831459543,-0.20051461228813588,-0.1898779186549107,-0.18063603208319032,-0.19167488908651975,0.010469338382713031,311,-0.14721555779129836,-0.14520479573947365,-0.1477675888476714,-0.14654807936925487,-0.14979293242390915,-0.14730579083432147,0.0015096741202466088
0.03335251808166504,0.0018100181700158085,0.005755853652954101,9.418160381482745e-05,5,,5,10,"{'model__regressor__max_depth': 5, 'model__regressor__max_features': None, 'model__regressor__min_samples_leaf': 5, 'model__regressor__min_samples_split': 10}",-0.18069556409176643,-0.20665031831459543,-0.20051461228813588,-0.1898779186549107,-0.18063603208319032,-0.19167488908651975,0.010469338382713031,311,-0.14721555779129836,-0.14520479573947365,-0.1477675888476714,-0.14654807936925487,-0.14979293242390915,-0.14730579083432147,0.0015096741202466088
0.03390383720397949,0.0009538151756211471,0.005841732025146484,0.0001867964758636822,5,,7,2,"{'model__regressor__max_depth': 5, 'model__regressor__max_features': None, 'model__regressor__min_samples_leaf': 7, 'model__regressor__min_samples_split': 2}",-0.18482737754355177,-0.20488998507222475,-0.1885046164819603,-0.18967589604708363,-0.176452996976945,-0.1888701744243531,0.009251461025330877,217,-0.1476723949617334,-0.14597813785984917,-0.14947117263724174,-0.14745191583472197,-0.15186769674537573,-0.1484882636077844,0.0020212406148911164
0.033065080642700195,0.00019180670222868624,0.0062789440155029295,0.0011835569369263725,5,,7,3,"{'model__regressor__max_depth': 5, 'model__regressor__max_features': None, 'model__regressor__min_samples_leaf': 7, 'model__regressor__min_samples_split': 3}",-0.18482737754355177,-0.20488998507222475,-0.1885046164819603,-0.18967589604708363,-0.176452996976945,-0.1888701744243531,0.009251461025330877,217,-0.1476723949617334,-0.14597813785984917,-0.14947117263724174,-0.14745191583472197,-0.15186769674537573,-0.1484882636077844,0.0020212406148911164
0.03333635330200195,0.0018993859879685427,0.0058100223541259766,0.0001001129805578184,5,,7,5,"{'model__regressor__max_depth': 5, 'model__regressor__max_features': None, 'model__regressor__min_samples_leaf': 7, 'model__regressor__min_samples_split': 5}",-0.18482737754355177,-0.20488998507222475,-0.1885046164819603,-0.18967589604708363,-0.176452996976945,-0.1888701744243531,0.009251461025330877,217,-0.1476723949617334,-0.14597813785984917,-0.14947117263724174,-0.14745191583472197,-0.15186769674537573,-0.1484882636077844,0.0020212406148911164
0.032303810119628906,0.0017419003473783709,0.006799507141113281,0.0014033040615256307,5,,7,7,"{'model__regressor__max_depth': 5, 'model__regressor__max_features': None, 'model__regressor__min_samples_leaf': 7, 'model__regressor__min_samples_split': 7}",-0.18482737754355177,-0.20488998507222475,-0.1885046164819603,-0.18967589604708363,-0.176452996976945,-0.1888701744243531,0.009251461025330877,217,-0.1476723949617334,-0.14597813785984917,-0.14947117263724174,-0.14745191583472197,-0.15186769674537573,-0.1484882636077844,0.0020212406148911164
0.030992698669433594,0.001100556672631864,0.006502962112426758,0.0014337441206306333,5,,7,10,"{'model__regressor__max_depth': 5, 'model__regressor__max_features': None, 'model__regressor__min_samples_leaf': 7, 'model__regressor__min_samples_split': 10}",-0.18482737754355177,-0.20488998507222475,-0.1885046164819603,-0.18967589604708363,-0.176452996976945,-0.1888701744243531,0.009251461025330877,217,-0.1476723949617334,-0.14597813785984917,-0.14947117263724174,-0.14745191583472197,-0.15186769674537573,-0.1484882636077844,0.0020212406148911164
0.03226504325866699,0.0014834439444062738,0.00585641860961914,7.869642218470356e-05,5,,10,2,"{'model__regressor__max_depth': 5, 'model__regressor__max_features': None, 'model__regressor__min_samples_leaf': 10, 'model__regressor__min_samples_split': 2}",-0.1856171815225286,-0.20474238115933613,-0.188203976345508,-0.19357193299039593,-0.17469977040938858,-0.18936704848543146,0.009845051485243086,228,-0.15154642119642975,-0.1494835035048224,-0.15262832697755757,-0.14846722589882586,-0.1537526982736149,-0.1511756351702501,0.001953859788092918
0.032314634323120116,0.0028363180194151713,0.007580089569091797,0.0012654098498571988,5,,10,3,"{'model__regressor__max_depth': 5, 'model__regressor__max_features': None, 'model__regressor__min_samples_leaf': 10, 'model__regressor__min_samples_split': 3}",-0.1856171815225286,-0.20474238115933613,-0.188203976345508,-0.19357193299039593,-0.17469977040938858,-0.18936704848543146,0.009845051485243086,228,-0.15154642119642975,-0.1494835035048224,-0.15262832697755757,-0.14846722589882586,-0.1537526982736149,-0.1511756351702501,0.001953859788092918
0.03082761764526367,0.0010043280312330932,0.007971382141113282,0.0013660362764661002,5,,10,5,"{'model__regressor__max_depth': 5, 'model__regressor__max_features': None, 'model__regressor__min_samples_leaf': 10, 'model__regressor__min_samples_split': 5}",-0.1856171815225286,-0.20474238115933613,-0.188203976345508,-0.19357193299039593,-0.17469977040938858,-0.18936704848543146,0.009845051485243086,228,-0.15154642119642975,-0.1494835035048224,-0.15262832697755757,-0.14846722589882586,-0.1537526982736149,-0.1511756351702501,0.001953859788092918
0.03219757080078125,0.0016643472598094546,0.006759548187255859,0.00133507412999895,5,,10,7,"{'model__regressor__max_depth': 5, 'model__regressor__max_features': None, 'model__regressor__min_samples_leaf': 10, 'model__regressor__min_samples_split': 7}",-0.1856171815225286,-0.20474238115933613,-0.188203976345508,-0.19357193299039593,-0.17469977040938858,-0.18936704848543146,0.009845051485243086,228,-0.15154642119642975,-0.1494835035048224,-0.15262832697755757,-0.14846722589882586,-0.1537526982736149,-0.1511756351702501,0.001953859788092918
0.03254642486572266,0.0008002932572815231,0.005639266967773437,0.00014496323301707028,5,,10,10,"{'model__regressor__max_depth': 5, 'model__regressor__max_features': None, 'model__regressor__min_samples_leaf': 10, 'model__regressor__min_samples_split': 10}",-0.1856171815225286,-0.20474238115933613,-0.188203976345508,-0.19357193299039593,-0.17469977040938858,-0.18936704848543146,0.009845051485243086,228,-0.15154642119642975,-0.1494835035048224,-0.15262832697755757,-0.14846722589882586,-0.1537526982736149,-0.1511756351702501,0.001953859788092918
0.03229832649230957,0.00235599531456993,0.005925035476684571,0.0002672306473036229,5,0.9,1,2,"{'model__regressor__max_depth': 5, 'model__regressor__max_features': 0.9, 'model__regressor__min_samples_leaf': 1, 'model__regressor__min_samples_split': 2}",-0.20353048734685028,-0.20072451581276102,-0.1857985044853562,-0.19141909000056528,-0.1752558242732095,-0.19134568438374847,0.01025760297350087,288,-0.14533191553937155,-0.14319931743981731,-0.1475921962437585,-0.14461087012244583,-0.1485206216702069,-0.14585098420312,0.001949227303857339
0.030604791641235352,0.0006203519371146008,0.008095073699951171,0.001501641466638187,5,0.9,1,3,"{'model__regressor__max_depth': 5, 'model__regressor__max_features': 0.9, 'model__regressor__min_samples_leaf': 1, 'model__regressor__min_samples_split': 3}",-0.20353048734685028,-0.20072451581276102,-0.20340369674099293,-0.19141909000056528,-0.19001318127564323,-0.19781819423536254,0.00590155230854378,431,-0.14533191553937155,-0.14330664987315458,-0.1458469674918748,-0.14461087012244583,-0.1480335369359151,-0.1454259879925524,0.0015582936863010658
0.030876779556274415,0.0006722740823768244,0.0062488079071044925,0.0008042125021750384,5,0.9,1,5,"{'model__regressor__max_depth': 5, 'model__regressor__max_features': 0.9, 'model__regressor__min_samples_leaf': 1, 'model__regressor__min_samples_split': 5}",-0.20374847625272302,-0.20072451581276102,-0.20340369674099293,-0.19549792881537767,-0.19001318127564323,-0.19867755977949958,0.0052425585621030234,450,-0.14602851679883438,-0.14330664987315458,-0.1458469674918748,-0.1436480260453628,-0.1480335369359151,-0.14537273942902834,0.0017307883692514927
0.03240799903869629,0.0023085555144998077,0.00630483627319336,0.00038880363281800255,5,0.9,1,7,"{'model__regressor__max_depth': 5, 'model__regressor__max_features': 0.9, 'model__regressor__min_samples_leaf': 1, 'model__regressor__min_samples_split': 7}",-0.20374847625272302,-0.20072451581276102,-0.20340369674099293,-0.19549792881537767,-0.19001318127564323,-0.19867755977949958,0.0052425585621030234,450,-0.14602851679883438,-0.14330664987315458,-0.1458469674918748,-0.1436480260453628,-0.1480335369359151,-0.14537273942902834,0.0017307883692514927
0.03296771049499512,0.0022541557058240362,0.0064929485321044925,0.0007438229523962223,5,0.9,1,10,"{'model__regressor__max_depth': 5, 'model__regressor__max_features': 0.9, 'model__regressor__min_samples_leaf': 1, 'model__regressor__min_samples_split': 10}",-0.20466486764534567,-0.20072451581276102,-0.20340369674099293,-0.19549792881537767,-0.19001318127564323,-0.1988608380580241,0.005429324236965732,452,-0.1469787631609641,-0.14330664987315458,-0.1458469674918748,-0.1436480260453628,-0.1480335369359151,-0.14556278870145428,0.0018410223537330642
0.033941125869750975,0.003072098441681957,0.006265878677368164,0.0005046355727699912,5,0.9,3,2,"{'model__regressor__max_depth': 5, 'model__regressor__max_features': 0.9, 'model__regressor__min_samples_leaf': 3, 'model__regressor__min_samples_split': 2}",-0.1861804157175247,-0.20386422316644956,-0.2049867295071993,-0.19192085054199226,-0.16932716769148895,-0.19125587732493093,0.013073465436571273,284,-0.14691754007046245,-0.14407022599355787,-0.14888908680995888,-0.14448402400717847,-0.14997837696756552,-0.14686785076974465,0.002335490175807109
0.03255653381347656,0.0024482624121571735,0.0079376220703125,0.0014312835548948792,5,0.9,3,3,"{'model__regressor__max_depth': 5, 'model__regressor__max_features': 0.9, 'model__regressor__min_samples_leaf': 3, 'model__regressor__min_samples_split': 3}",-0.1861804157175247,-0.20386422316644956,-0.2049867295071993,-0.19192085054199226,-0.16932716769148895,-0.19125587732493093,0.013073465436571273,284,-0.14691754007046245,-0.14407022599355787,-0.14888908680995888,-0.14448402400717847,-0.14997837696756552,-0.14686785076974465,0.002335490175807109
0.030604076385498048,0.001033549049174012,0.006544876098632813,0.0008499868437533592,5,0.9,3,5,"{'model__regressor__max_depth': 5, 'model__regressor__max_features': 0.9, 'model__regressor__min_samples_leaf': 3, 'model__regressor__min_samples_split': 5}",-0.1861804157175247,-0.20386422316644956,-0.2049867295071993,-0.19192085054199226,-0.16932716769148895,-0.19125587732493093,0.013073465436571273,284,-0.14691754007046245,-0.14407022599355787,-0.14888908680995888,-0.14448402400717847,-0.14997837696756552,-0.14686785076974465,0.002335490175807109
0.03355674743652344,0.001478146255359977,0.006120061874389649,0.0005602006769613694,5,0.9,3,7,"{'model__regressor__max_depth': 5, 'model__regressor__max_features': 0.9, 'model__regressor__min_samples_leaf': 3, 'model__regressor__min_samples_split': 7}",-0.1861804157175247,-0.20386422316644956,-0.2049867295071993,-0.19192085054199226,-0.16932716769148895,-0.19125587732493093,0.013073465436571273,284,-0.14691754007046245,-0.14407022599355787,-0.14888908680995888,-0.14448402400717847,-0.14997837696756552,-0.14686785076974465,0.002335490175807109
0.03262910842895508,0.0016164491349858975,0.006613016128540039,0.0016671283874467567,5,0.9,3,10,"{'model__regressor__max_depth': 5, 'model__regressor__max_features': 0.9, 'model__regressor__min_samples_leaf': 3, 'model__regressor__min_samples_split': 10}",-0.19105840776757763,-0.20386422316644956,-0.2049867295071993,-0.19192085054199226,-0.16932716769148895,-0.19223147573494154,0.012838202483337524,344,-0.1477795794230351,-0.14407022599355787,-0.14888908680995888,-0.14448402400717847,-0.14997837696756552,-0.14704025864025919,0.002364433528268699
0.031571149826049805,0.0036654699138020663,0.006924057006835937,0.0013135660968007308,5,0.9,5,2,"{'model__regressor__max_depth': 5, 'model__regressor__max_features': 0.9, 'model__regressor__min_samples_leaf': 5, 'model__regressor__min_samples_split': 2}",-0.19073788881315837,-0.20368967283813752,-0.19905987959781504,-0.19020090037647958,-0.16454537526923207,-0.1896467433789645,0.013545385713125295,244,-0.1478504056318763,-0.14583587834774359,-0.14880892374614224,-0.14490488875286844,-0.14999854203791552,-0.14747972770330922,0.0018751333938538028
0.03195962905883789,0.0012990353902669525,0.006523847579956055,0.0006500446422489753,5,0.9,5,3,"{'model__regressor__max_depth': 5, 'model__regressor__max_features': 0.9, 'model__regressor__min_samples_leaf': 5, 'model__regressor__min_samples_split': 3}",-0.19073788881315837,-0.20368967283813752,-0.19905987959781504,-0.19020090037647958,-0.16454537526923207,-0.1896467433789645,0.013545385713125295,244,-0.1478504056318763,-0.14583587834774359,-0.14880892374614224,-0.14490488875286844,-0.14999854203791552,-0.14747972770330922,0.0018751333938538028
0.03033895492553711,0.0008762539028063171,0.00660395622253418,0.0018871954217543035,5,0.9,5,5,"{'model__regressor__max_depth': 5, 'model__regressor__max_features': 0.9, 'model__regressor__min_samples_leaf': 5, 'model__regressor__min_samples_split': 5}",-0.19073788881315837,-0.20368967283813752,-0.19905987959781504,-0.19020090037647958,-0.16454537526923207,-0.1896467433789645,0.013545385713125295,244,-0.1478504056318763,-0.14583587834774359,-0.14880892374614224,-0.14490488875286844,-0.14999854203791552,-0.14747972770330922,0.0018751333938538028
0.03340048789978027,0.0026291359084289643,0.00628972053527832,0.0009445104079591326,5,0.9,5,7,"{'model__regressor__max_depth': 5, 'model__regressor__max_features': 0.9, 'model__regressor__min_samples_leaf': 5, 'model__regressor__min_samples_split': 7}",-0.19073788881315837,-0.20368967283813752,-0.19905987959781504,-0.19020090037647958,-0.16454537526923207,-0.1896467433789645,0.013545385713125295,244,-0.1478504056318763,-0.14583587834774359,-0.14880892374614224,-0.14490488875286844,-0.14999854203791552,-0.14747972770330922,0.0018751333938538028
0.03003401756286621,0.0010220981450607721,0.006376791000366211,0.0014073968026044738,5,0.9,5,10,"{'model__regressor__max_depth': 5, 'model__regressor__max_features': 0.9, 'model__regressor__min_samples_leaf': 5, 'model__regressor__min_samples_split': 10}",-0.19073788881315837,-0.20368967283813752,-0.19905987959781504,-0.19020090037647958,-0.16454537526923207,-0.1896467433789645,0.013545385713125295,244,-0.1478504056318763,-0.14583587834774359,-0.14880892374614224,-0.14490488875286844,-0.14999854203791552,-0.14747972770330922,0.0018751333938538028
0.030390834808349608,0.0018063040602378088,0.006459093093872071,0.0014780128474212056,5,0.9,7,2,"{'model__regressor__max_depth': 5, 'model__regressor__max_features': 0.9, 'model__regressor__min_samples_leaf': 7, 'model__regressor__min_samples_split': 2}",-0.18651321288079525,-0.20006828270976323,-0.1922777069086331,-0.1900537220011605,-0.1741635876645901,-0.18861530243298846,0.0084843839475839,196,-0.1516411521820326,-0.14659003512442914,-0.15060157178663977,-0.14580591747774288,-0.1516163990348371,-0.14925101512113628,0.002533034222081925
0.030595016479492188,0.00222911104894034,0.005716800689697266,0.00010988784472393488,5,0.9,7,3,"{'model__regressor__max_depth': 5, 'model__regressor__max_features': 0.9, 'model__regressor__min_samples_leaf': 7, 'model__regressor__min_samples_split': 3}",-0.18651321288079525,-0.20006828270976323,-0.1922777069086331,-0.1900537220011605,-0.1741635876645901,-0.18861530243298846,0.0084843839475839,196,-0.1516411521820326,-0.14659003512442914,-0.15060157178663977,-0.14580591747774288,-0.1516163990348371,-0.14925101512113628,0.002533034222081925
0.03166804313659668,0.0009731604551674934,0.005860567092895508,0.00012410258454974014,5,0.9,7,5,"{'model__regressor__max_depth': 5, 'model__regressor__max_features': 0.9, 'model__regressor__min_samples_leaf': 7, 'model__regressor__min_samples_split': 5}",-0.18651321288079525,-0.20006828270976323,-0.1922777069086331,-0.1900537220011605,-0.1741635876645901,-0.18861530243298846,0.0084843839475839,196,-0.1516411521820326,-0.14659003512442914,-0.15060157178663977,-0.14580591747774288,-0.1516163990348371,-0.14925101512113628,0.002533034222081925
0.031640243530273435,0.001740264335989288,0.005640840530395508,9.390019410503603e-05,5,0.9,7,7,"{'model__regressor__max_depth': 5, 'model__regressor__max_features': 0.9, 'model__regressor__min_samples_leaf': 7, 'model__regressor__min_samples_split': 7}",-0.18651321288079525,-0.20006828270976323,-0.1922777069086331,-0.1900537220011605,-0.1741635876645901,-0.18861530243298846,0.0084843839475839,196,-0.1516411521820326,-0.14659003512442914,-0.15060157178663977,-0.14580591747774288,-0.1516163990348371,-0.14925101512113628,0.002533034222081925
0.03266620635986328,0.002739860987894202,0.005853843688964844,0.0001982800713120922,5,0.9,7,10,"{'model__regressor__max_depth': 5, 'model__regressor__max_features': 0.9, 'model__regressor__min_samples_leaf': 7, 'model__regressor__min_samples_split': 10}",-0.18651321288079525,-0.20006828270976323,-0.1922777069086331,-0.1900537220011605,-0.1741635876645901,-0.18861530243298846,0.0084843839475839,196,-0.1516411521820326,-0.14659003512442914,-0.15060157178663977,-0.14580591747774288,-0.1516163990348371,-0.14925101512113628,0.002533034222081925
0.03237342834472656,0.001647169399970087,0.0064562797546386715,0.0007156562573880336,5,0.9,10,2,"{'model__regressor__max_depth': 5, 'model__regressor__max_features': 0.9, 'model__regressor__min_samples_leaf': 10, 'model__regressor__min_samples_split': 2}",-0.18619026659612553,-0.20227827349466113,-0.19827069394223065,-0.19621192761916564,-0.1729943617129332,-0.19118910467302325,0.010529808883200327,279,-0.1521062621975687,-0.14955780579214015,-0.15855878443068583,-0.14614729910972962,-0.15438771173645352,-0.15215157265331555,0.004215060168323748
0.03178596496582031,0.00219424528271392,0.006076383590698242,0.0006060898043433251,5,0.9,10,3,"{'model__regressor__max_depth': 5, 'model__regressor__max_features': 0.9, 'model__regressor__min_samples_leaf': 10, 'model__regressor__min_samples_split': 3}",-0.18619026659612553,-0.20227827349466113,-0.19827069394223065,-0.19621192761916564,-0.1729943617129332,-0.19118910467302325,0.010529808883200327,279,-0.1521062621975687,-0.14955780579214015,-0.15855878443068583,-0.14614729910972962,-0.15438771173645352,-0.15215157265331555,0.004215060168323748
0.030576753616333007,0.0009641681698436998,0.006551694869995117,0.0008910285268651868,5,0.9,10,5,"{'model__regressor__max_depth': 5, 'model__regressor__max_features': 0.9, 'model__regressor__min_samples_leaf': 10, 'model__regressor__min_samples_split': 5}",-0.18619026659612553,-0.20227827349466113,-0.19827069394223065,-0.19621192761916564,-0.1729943617129332,-0.19118910467302325,0.010529808883200327,279,-0.1521062621975687,-0.14955780579214015,-0.15855878443068583,-0.14614729910972962,-0.15438771173645352,-0.15215157265331555,0.004215060168323748
0.029923725128173827,0.0015674890680459827,0.0061004638671875,0.0008182005209923127,5,0.9,10,7,"{'model__regressor__max_depth': 5, 'model__regressor__max_features': 0.9, 'model__regressor__min_samples_leaf': 10, 'model__regressor__min_samples_split': 7}",-0.18619026659612553,-0.20227827349466113,-0.19827069394223065,-0.19621192761916564,-0.1729943617129332,-0.19118910467302325,0.010529808883200327,279,-0.1521062621975687,-0.14955780579214015,-0.15855878443068583,-0.14614729910972962,-0.15438771173645352,-0.15215157265331555,0.004215060168323748
0.03121027946472168,0.002658513097648767,0.008009719848632812,0.001501605376021344,5,0.9,10,10,"{'model__regressor__max_depth': 5, 'model__regressor__max_features': 0.9, 'model__regressor__min_samples_leaf': 10, 'model__regressor__min_samples_split': 10}",-0.18619026659612553,-0.20227827349466113,-0.19827069394223065,-0.19621192761916564,-0.1729943617129332,-0.19118910467302325,0.010529808883200327,279,-0.1521062621975687,-0.14955780579214015,-0.15855878443068583,-0.14614729910972962,-0.15438771173645352,-0.15215157265331555,0.004215060168323748
0.031599235534667966,0.0007209989346575461,0.005762338638305664,0.00010954403604286068,5,0.8,1,2,"{'model__regressor__max_depth': 5, 'model__regressor__max_features': 0.8, 'model__regressor__min_samples_leaf': 1, 'model__regressor__min_samples_split': 2}",-0.18285128108933058,-0.20587326168067507,-0.18993945502823037,-0.1769841335156783,-0.18252937623837903,-0.18763550151045869,0.010003369615591794,180,-0.14200856755268107,-0.14726336675586607,-0.15134755845306505,-0.15136126631208902,-0.1472864716025763,-0.1478534461352555,0.003445167128665704
0.03092360496520996,0.001547161284863868,0.005663156509399414,0.00020930636565551968,5,0.8,1,3,"{'model__regressor__max_depth': 5, 'model__regressor__max_features': 0.8, 'model__regressor__min_samples_leaf': 1, 'model__regressor__min_samples_split': 3}",-0.18285128108933058,-0.20587326168067507,-0.18825498258614698,-0.1769841335156783,-0.18252937623837903,-0.187298607022042,0.009948317283241236,179,-0.14200856755268107,-0.14726336675586607,-0.15107353607991608,-0.15136126631208902,-0.1473165311442617,-0.14780465356896277,0.003390013424712331
0.03044891357421875,0.0014215680778125897,0.005894708633422852,3.983842475435395e-05,5,0.8,1,5,"{'model__regressor__max_depth': 5, 'model__regressor__max_features': 0.8, 'model__regressor__min_samples_leaf': 1, 'model__regressor__min_samples_split': 5}",-0.18285128108933058,-0.20587326168067507,-0.18825498258614698,-0.17667163581424308,-0.18252937623837903,-0.18723610748175495,0.010013687694505048,176,-0.14200856755268107,-0.14726336675586607,-0.15107353607991608,-0.15171658080486344,-0.1473165311442617,-0.14787571646751768,0.0034666810039375565
0.029756736755371094,0.0027123295477841113,0.007333612442016602,0.0015034873379157455,5,0.8,1,7,"{'model__regressor__max_depth': 5, 'model__regressor__max_features': 0.8, 'model__regressor__min_samples_leaf': 1, 'model__regressor__min_samples_split': 7}",-0.18285128108933058,-0.20587326168067507,-0.18825498258614698,-0.17667163581424308,-0.18252937623837903,-0.18723610748175495,0.010013687694505048,176,-0.14200856755268107,-0.14726336675586607,-0.15107353607991608,-0.15171658080486344,-0.1473165311442617,-0.14787571646751768,0.0034666810039375565
0.029106521606445314,0.0019087592666376207,0.006663799285888672,0.0012498483622467832,5,0.8,1,10,"{'model__regressor__max_depth': 5, 'model__regressor__max_features': 0.8, 'model__regressor__min_samples_leaf': 1, 'model__regressor__min_samples_split': 10}",-0.18285128108933058,-0.20587326168067507,-0.18825498258614698,-0.17667163581424308,-0.18252937623837903,-0.18723610748175495,0.010013687694505048,176,-0.14200856755268107,-0.14726336675586607,-0.15107353607991608,-0.15171658080486344,-0.1473165311442617,-0.14787571646751768,0.0034666810039375565
0.031684160232543945,0.0008932865527836429,0.005748891830444336,0.00013172609018512717,5,0.8,3,2,"{'model__regressor__max_depth': 5, 'model__regressor__max_features': 0.8, 'model__regressor__min_samples_leaf': 3, 'model__regressor__min_samples_split': 2}",-0.1837928336673741,-0.20652158467309523,-0.18681526015070757,-0.17765037233195755,-0.18868174097445,-0.1886923583595169,0.009667840699938202,206,-0.14348947150808886,-0.14806743485103677,-0.15707788405527093,-0.15378706271114712,-0.14906433367690083,-0.1502972373604889,0.0047115559468783414
0.031187725067138673,0.0008079620381971923,0.005768299102783203,0.00010484379417843597,5,0.8,3,3,"{'model__regressor__max_depth': 5, 'model__regressor__max_features': 0.8, 'model__regressor__min_samples_leaf': 3, 'model__regressor__min_samples_split': 3}",-0.1837928336673741,-0.20652158467309523,-0.18681526015070757,-0.17765037233195755,-0.18868174097445,-0.1886923583595169,0.009667840699938202,206,-0.14348947150808886,-0.14806743485103677,-0.15707788405527093,-0.15378706271114712,-0.14906433367690083,-0.1502972373604889,0.0047115559468783414
0.0304384708404541,0.0019878553991181966,0.007592678070068359,0.0017839978386204598,5,0.8,3,5,"{'model__regressor__max_depth': 5, 'model__regressor__max_features': 0.8, 'model__regressor__min_samples_leaf': 3, 'model__regressor__min_samples_split': 5}",-0.1837928336673741,-0.20652158467309523,-0.18681526015070757,-0.17765037233195755,-0.18868174097445,-0.1886923583595169,0.009667840699938202,206,-0.14348947150808886,-0.14806743485103677,-0.15707788405527093,-0.15378706271114712,-0.14906433367690083,-0.1502972373604889,0.0047115559468783414
0.030771160125732423,0.002322416116998603,0.006701469421386719,0.0013002230953193855,5,0.8,3,7,"{'model__regressor__max_depth': 5, 'model__regressor__max_features': 0.8, 'model__regressor__min_samples_leaf': 3, 'model__regressor__min_samples_split': 7}",-0.1837928336673741,-0.20652158467309523,-0.18681526015070757,-0.17765037233195755,-0.18868174097445,-0.1886923583595169,0.009667840699938202,206,-0.14348947150808886,-0.14806743485103677,-0.15707788405527093,-0.15378706271114712,-0.14906433367690083,-0.1502972373604889,0.0047115559468783414
0.02856101989746094,0.0013391367577950159,0.007283592224121093,0.0014960580885454405,5,0.8,3,10,"{'model__regressor__max_depth': 5, 'model__regressor__max_features': 0.8, 'model__regressor__min_samples_leaf': 3, 'model__regressor__min_samples_split': 10}",-0.1837928336673741,-0.20652158467309523,-0.18681526015070757,-0.17765037233195755,-0.18868174097445,-0.1886923583595169,0.009667840699938202,206,-0.14348947150808886,-0.14806743485103677,-0.15707788405527093,-0.15378706271114712,-0.14906433367690083,-0.1502972373604889,0.0047115559468783414
0.029623889923095705,0.0022784933199446323,0.005711030960083008,0.00019741302525581254,5,0.8,5,2,"{'model__regressor__max_depth': 5, 'model__regressor__max_features': 0.8, 'model__regressor__min_samples_leaf': 5, 'model__regressor__min_samples_split': 2}",-0.17896784423809675,-0.20645848531827926,-0.22314293146750325,-0.18181004024089018,-0.18311129424784897,-0.19469811910252371,0.017292843596555158,401,-0.14408293715614,-0.14960693271195719,-0.15805081677496802,-0.1551311506321085,-0.15100707622723022,-0.15157578270048078,0.004793938653683239
0.029178953170776366,0.0014295146934367041,0.007130336761474609,0.0017044267206612958,5,0.8,5,3,"{'model__regressor__max_depth': 5, 'model__regressor__max_features': 0.8, 'model__regressor__min_samples_leaf': 5, 'model__regressor__min_samples_split': 3}",-0.17896784423809675,-0.20645848531827926,-0.22314293146750325,-0.18181004024089018,-0.18311129424784897,-0.19469811910252371,0.017292843596555158,401,-0.14408293715614,-0.14960693271195719,-0.15805081677496802,-0.1551311506321085,-0.15100707622723022,-0.15157578270048078,0.004793938653683239
0.02926297187805176,0.0013766606155108572,0.006544637680053711,0.001651511033932262,5,0.8,5,5,"{'model__regressor__max_depth': 5, 'model__regressor__max_features': 0.8, 'model__regressor__min_samples_leaf': 5, 'model__regressor__min_samples_split': 5}",-0.17896784423809675,-0.20645848531827926,-0.22314293146750325,-0.18181004024089018,-0.18311129424784897,-0.19469811910252371,0.017292843596555158,401,-0.14408293715614,-0.14960693271195719,-0.15805081677496802,-0.1551311506321085,-0.15100707622723022,-0.15157578270048078,0.004793938653683239
0.03161931037902832,0.002233243202266926,0.0067059993743896484,0.0012183749546230312,5,0.8,5,7,"{'model__regressor__max_depth': 5, 'model__regressor__max_features': 0.8, 'model__regressor__min_samples_leaf': 5, 'model__regressor__min_samples_split': 7}",-0.17896784423809675,-0.20645848531827926,-0.22314293146750325,-0.18181004024089018,-0.18311129424784897,-0.19469811910252371,0.017292843596555158,401,-0.14408293715614,-0.14960693271195719,-0.15805081677496802,-0.1551311506321085,-0.15100707622723022,-0.15157578270048078,0.004793938653683239
0.03073744773864746,0.0017573318317342795,0.006179380416870117,0.0007894841988333262,5,0.8,5,10,"{'model__regressor__max_depth': 5, 'model__regressor__max_features': 0.8, 'model__regressor__min_samples_leaf': 5, 'model__regressor__min_samples_split': 10}",-0.17896784423809675,-0.20645848531827926,-0.22314293146750325,-0.18181004024089018,-0.18311129424784897,-0.19469811910252371,0.017292843596555158,401,-0.14408293715614,-0.14960693271195719,-0.15805081677496802,-0.1551311506321085,-0.15100707622723022,-0.15157578270048078,0.004793938653683239
0.029130983352661132,0.00189234702992658,0.007566118240356445,0.0015094780503163976,5,0.8,7,2,"{'model__regressor__max_depth': 5, 'model__regressor__max_features': 0.8, 'model__regressor__min_samples_leaf': 7, 'model__regressor__min_samples_split': 2}",-0.1825102305841901,-0.20865030928986258,-0.19680320088303557,-0.187866928167778,-0.1795292628565398,-0.1910719863562812,0.010570286493686557,274,-0.14443796667726455,-0.14958939816768965,-0.15651509579219103,-0.1584040574885426,-0.1531366137454148,-0.15241662637422052,0.00499634655773805
0.027561283111572264,0.000335419560798711,0.005608797073364258,5.3418532615680885e-05,5,0.8,7,3,"{'model__regressor__max_depth': 5, 'model__regressor__max_features': 0.8, 'model__regressor__min_samples_leaf': 7, 'model__regressor__min_samples_split': 3}",-0.1825102305841901,-0.20865030928986258,-0.19680320088303557,-0.187866928167778,-0.1795292628565398,-0.1910719863562812,0.010570286493686557,274,-0.14443796667726455,-0.14958939816768965,-0.15651509579219103,-0.1584040574885426,-0.1531366137454148,-0.15241662637422052,0.00499634655773805
0.029862260818481444,0.0018616006667773024,0.005664730072021484,0.00017746573507267162,5,0.8,7,5,"{'model__regressor__max_depth': 5, 'model__regressor__max_features': 0.8, 'model__regressor__min_samples_leaf': 7, 'model__regressor__min_samples_split': 5}",-0.1825102305841901,-0.20865030928986258,-0.19680320088303557,-0.187866928167778,-0.1795292628565398,-0.1910719863562812,0.010570286493686557,274,-0.14443796667726455,-0.14958939816768965,-0.15651509579219103,-0.1584040574885426,-0.1531366137454148,-0.15241662637422052,0.00499634655773805
0.03137984275817871,0.0006580964453920251,0.005716133117675781,0.00019349940249373457,5,0.8,7,7,"{'model__regressor__max_depth': 5, 'model__regressor__max_features': 0.8, 'model__regressor__min_samples_leaf': 7, 'model__regressor__min_samples_split': 7}",-0.1825102305841901,-0.20865030928986258,-0.19680320088303557,-0.187866928167778,-0.1795292628565398,-0.1910719863562812,0.010570286493686557,274,-0.14443796667726455,-0.14958939816768965,-0.15651509579219103,-0.1584040574885426,-0.1531366137454148,-0.15241662637422052,0.00499634655773805
0.02902874946594238,0.0017094390500599279,0.006435823440551758,0.0010979938056057629,5,0.8,7,10,"{'model__regressor__max_depth': 5, 'model__regressor__max_features': 0.8, 'model__regressor__min_samples_leaf': 7, 'model__regressor__min_samples_split': 10}",-0.1825102305841901,-0.20865030928986258,-0.19680320088303557,-0.187866928167778,-0.1795292628565398,-0.1910719863562812,0.010570286493686557,274,-0.14443796667726455,-0.14958939816768965,-0.15651509579219103,-0.1584040574885426,-0.1531366137454148,-0.15241662637422052,0.00499634655773805
0.029214239120483397,0.001997942210943308,0.005664730072021484,0.00021485663276825856,5,0.8,10,2,"{'model__regressor__max_depth': 5, 'model__regressor__max_features': 0.8, 'model__regressor__min_samples_leaf': 10, 'model__regressor__min_samples_split': 2}",-0.19279087888481122,-0.19842683102009656,-0.196199910729903,-0.18569300680242937,-0.17063838966221315,-0.18874980341989064,0.010028425269017486,211,-0.14877072038582254,-0.15112030089251205,-0.16013973870026624,-0.15872407225431504,-0.15380503051496064,-0.1545119725495753,0.004344622327589784
0.03157687187194824,0.0028665994815354843,0.005732583999633789,0.0002577054675909502,5,0.8,10,3,"{'model__regressor__max_depth': 5, 'model__regressor__max_features': 0.8, 'model__regressor__min_samples_leaf': 10, 'model__regressor__min_samples_split': 3}",-0.19279087888481122,-0.19842683102009656,-0.196199910729903,-0.18569300680242937,-0.17063838966221315,-0.18874980341989064,0.010028425269017486,211,-0.14877072038582254,-0.15112030089251205,-0.16013973870026624,-0.15872407225431504,-0.15380503051496064,-0.1545119725495753,0.004344622327589784
0.03082270622253418,0.0020198423043526065,0.005711221694946289,9.932319988926848e-05,5,0.8,10,5,"{'model__regressor__max_depth': 5, 'model__regressor__max_features': 0.8, 'model__regressor__min_samples_leaf': 10, 'model__regressor__min_samples_split': 5}",-0.19279087888481122,-0.19842683102009656,-0.196199910729903,-0.18569300680242937,-0.17063838966221315,-0.18874980341989064,0.010028425269017486,211,-0.14877072038582254,-0.15112030089251205,-0.16013973870026624,-0.15872407225431504,-0.15380503051496064,-0.1545119725495753,0.004344622327589784
0.028511238098144532,0.001465005041533538,0.005461740493774414,0.00017782819525368076,5,0.8,10,7,"{'model__regressor__max_depth': 5, 'model__regressor__max_features': 0.8, 'model__regressor__min_samples_leaf': 10, 'model__regressor__min_samples_split': 7}",-0.19279087888481122,-0.19842683102009656,-0.196199910729903,-0.18569300680242937,-0.17063838966221315,-0.18874980341989064,0.010028425269017486,211,-0.14877072038582254,-0.15112030089251205,-0.16013973870026624,-0.15872407225431504,-0.15380503051496064,-0.1545119725495753,0.004344622327589784
0.03047342300415039,0.0017964323722394013,0.005806970596313477,0.00012125336071365054,5,0.8,10,10,"{'model__regressor__max_depth': 5, 'model__regressor__max_features': 0.8, 'model__regressor__min_samples_leaf': 10, 'model__regressor__min_samples_split': 10}",-0.19279087888481122,-0.19842683102009656,-0.196199910729903,-0.18569300680242937,-0.17063838966221315,-0.18874980341989064,0.010028425269017486,211,-0.14877072038582254,-0.15112030089251205,-0.16013973870026624,-0.15872407225431504,-0.15380503051496064,-0.1545119725495753,0.004344622327589784
0.027754974365234376,0.0010054509372359644,0.006218051910400391,0.0009422907032842815,5,0.7,1,2,"{'model__regressor__max_depth': 5, 'model__regressor__max_features': 0.7, 'model__regressor__min_samples_leaf': 1, 'model__regressor__min_samples_split': 2}",-0.18359112541551242,-0.2132846774837807,-0.20610663267224913,-0.20893884006121966,-0.18961411056300692,-0.20030707723915375,0.011578625673669313,461,-0.14900606002706293,-0.14463494013359698,-0.15557336533036945,-0.15341518164092466,-0.14900231254385704,-0.15032637193516224,0.003819959105697359
0.029629898071289063,0.002719504386073822,0.006293582916259766,0.001493311556423043,5,0.7,1,3,"{'model__regressor__max_depth': 5, 'model__regressor__max_features': 0.7, 'model__regressor__min_samples_leaf': 1, 'model__regressor__min_samples_split': 3}",-0.18359112541551242,-0.2132846774837807,-0.20240403849484,-0.20893884006121966,-0.18961411056300692,-0.19956655840367193,0.011299056819155813,454,-0.14900606002706293,-0.14463494013359698,-0.15749480465343998,-0.15341518164092466,-0.14900231254385704,-0.15071065979977633,0.004383549702665168
0.028578472137451173,0.001084692670483053,0.006274747848510742,0.0007957186613119673,5,0.7,1,5,"{'model__regressor__max_depth': 5, 'model__regressor__max_features': 0.7, 'model__regressor__min_samples_leaf': 1, 'model__regressor__min_samples_split': 5}",-0.1967375702247902,-0.2132846774837807,-0.20240403849484,-0.18968475006961094,-0.18961411056300692,-0.19834502936720574,0.008871098539839322,448,-0.14942575788416254,-0.14463494013359698,-0.15767457111111735,-0.15673283779786967,-0.14900231254385704,-0.15149408389412072,0.00496342048947094
0.029496479034423827,0.002072622694520527,0.006916332244873047,0.001528889178191014,5,0.7,1,7,"{'model__regressor__max_depth': 5, 'model__regressor__max_features': 0.7, 'model__regressor__min_samples_leaf': 1, 'model__regressor__min_samples_split': 7}",-0.1967375702247902,-0.21138419334731617,-0.20240403849484,-0.18951503698351235,-0.18961411056300692,-0.19793098992269315,0.008275504125387132,432,-0.14942575788416254,-0.1440134844480022,-0.15767457111111735,-0.1544408276085393,-0.14900231254385704,-0.15091139071913567,0.004725046647299618
0.028757190704345702,0.0016875433873830932,0.005681753158569336,0.00023252654902275978,5,0.7,1,10,"{'model__regressor__max_depth': 5, 'model__regressor__max_features': 0.7, 'model__regressor__min_samples_leaf': 1, 'model__regressor__min_samples_split': 10}",-0.18589688341706512,-0.21138419334731617,-0.20240403849484,-0.18951503698351235,-0.18961411056300692,-0.19576285256114812,0.009615728920548001,420,-0.15161043815867095,-0.1440134844480022,-0.15767457111111735,-0.1544408276085393,-0.14900231254385704,-0.15134832677403737,0.0046681329440750085
0.02948899269104004,0.0011645043823426417,0.005774164199829101,9.890763647782965e-05,5,0.7,3,2,"{'model__regressor__max_depth': 5, 'model__regressor__max_features': 0.7, 'model__regressor__min_samples_leaf': 3, 'model__regressor__min_samples_split': 2}",-0.17776036104759,-0.21268186930465696,-0.18687354814715457,-0.18909055142016834,-0.18812131102605567,-0.1909055281891251,0.011612986872469368,269,-0.15003697428939736,-0.14432297534204902,-0.15889536756197292,-0.15537819899411465,-0.15048891126919556,-0.15182448549134592,0.004977506649647868
0.030360078811645506,0.001491757111869247,0.005808067321777344,0.00013599019560352348,5,0.7,3,3,"{'model__regressor__max_depth': 5, 'model__regressor__max_features': 0.7, 'model__regressor__min_samples_leaf': 3, 'model__regressor__min_samples_split': 3}",-0.17776036104759,-0.21268186930465696,-0.18687354814715457,-0.18909055142016834,-0.18812131102605567,-0.1909055281891251,0.011612986872469368,269,-0.15003697428939736,-0.14432297534204902,-0.15889536756197292,-0.15537819899411465,-0.15048891126919556,-0.15182448549134592,0.004977506649647868
0.029728126525878907,0.0018809728260642431,0.007022428512573242,0.001530111666281988,5,0.7,3,5,"{'model__regressor__max_depth': 5, 'model__regressor__max_features': 0.7, 'model__regressor__min_samples_leaf': 3, 'model__regressor__min_samples_split': 5}",-0.17776036104759,-0.21268186930465696,-0.18687354814715457,-0.18909055142016834,-0.18812131102605567,-0.1909055281891251,0.011612986872469368,269,-0.15003697428939736,-0.14432297534204902,-0.15889536756197292,-0.15537819899411465,-0.15048891126919556,-0.15182448549134592,0.004977506649647868
0.028894662857055664,0.0020714055765871466,0.006022596359252929,0.0006189091468525313,5,0.7,3,7,"{'model__regressor__max_depth': 5, 'model__regressor__max_features': 0.7, 'model__regressor__min_samples_leaf': 3, 'model__regressor__min_samples_split': 7}",-0.17776036104759,-0.21268186930465696,-0.18687354814715457,-0.18909055142016834,-0.18812131102605567,-0.1909055281891251,0.011612986872469368,269,-0.15003697428939736,-0.14432297534204902,-0.15889536756197292,-0.15537819899411465,-0.15048891126919556,-0.15182448549134592,0.004977506649647868
0.030332279205322266,0.000959991328422273,0.005765724182128906,0.00016913874431416205,5,0.7,3,10,"{'model__regressor__max_depth': 5, 'model__regressor__max_features': 0.7, 'model__regressor__min_samples_leaf': 3, 'model__regressor__min_samples_split': 10}",-0.18919101735831417,-0.21268186930465696,-0.18687354814715457,-0.18909055142016834,-0.18812131102605567,-0.19319165945126995,0.009780792073978705,367,-0.1523076867167987,-0.14432297534204902,-0.15889536756197292,-0.15537819899411465,-0.15048891126919556,-0.15227862797682618,0.004896629910010359
0.030665254592895506,0.001458481024662125,0.0062744140625,0.0010966133744553675,5,0.7,5,2,"{'model__regressor__max_depth': 5, 'model__regressor__max_features': 0.7, 'model__regressor__min_samples_leaf': 5, 'model__regressor__min_samples_split': 2}",-0.18532605066045596,-0.2097112120200478,-0.18868617256366277,-0.19476173836841,-0.1870423735560394,-0.19310550943372315,0.008891620623000715,361,-0.1542693991589396,-0.14620130263271053,-0.1589810695189307,-0.15510034500386952,-0.15162921684175248,-0.15323626663124057,0.004233632924664424
0.027547454833984374,0.001452571282082476,0.005569744110107422,0.00016793277277295842,5,0.7,5,3,"{'model__regressor__max_depth': 5, 'model__regressor__max_features': 0.7, 'model__regressor__min_samples_leaf': 5, 'model__regressor__min_samples_split': 3}",-0.18532605066045596,-0.2097112120200478,-0.18868617256366277,-0.19476173836841,-0.1870423735560394,-0.19310550943372315,0.008891620623000715,361,-0.1542693991589396,-0.14620130263271053,-0.1589810695189307,-0.15510034500386952,-0.15162921684175248,-0.15323626663124057,0.004233632924664424
0.030272626876831056,0.0008387956588463541,0.005683374404907226,0.00013239488244051802,5,0.7,5,5,"{'model__regressor__max_depth': 5, 'model__regressor__max_features': 0.7, 'model__regressor__min_samples_leaf': 5, 'model__regressor__min_samples_split': 5}",-0.18532605066045596,-0.2097112120200478,-0.18868617256366277,-0.19476173836841,-0.1870423735560394,-0.19310550943372315,0.008891620623000715,361,-0.1542693991589396,-0.14620130263271053,-0.1589810695189307,-0.15510034500386952,-0.15162921684175248,-0.15323626663124057,0.004233632924664424
0.03046259880065918,0.0006249028295993892,0.006035804748535156,0.0005925928004282474,5,0.7,5,7,"{'model__regressor__max_depth': 5, 'model__regressor__max_features': 0.7, 'model__regressor__min_samples_leaf': 5, 'model__regressor__min_samples_split': 7}",-0.18532605066045596,-0.2097112120200478,-0.18868617256366277,-0.19476173836841,-0.1870423735560394,-0.19310550943372315,0.008891620623000715,361,-0.1542693991589396,-0.14620130263271053,-0.1589810695189307,-0.15510034500386952,-0.15162921684175248,-0.15323626663124057,0.004233632924664424
0.028412914276123045,0.0008422700929849685,0.00579228401184082,0.0001495954975945792,5,0.7,5,10,"{'model__regressor__max_depth': 5, 'model__regressor__max_features': 0.7, 'model__regressor__min_samples_leaf': 5, 'model__regressor__min_samples_split': 10}",-0.18532605066045596,-0.2097112120200478,-0.18868617256366277,-0.19476173836841,-0.1870423735560394,-0.19310550943372315,0.008891620623000715,361,-0.1542693991589396,-0.14620130263271053,-0.1589810695189307,-0.15510034500386952,-0.15162921684175248,-0.15323626663124057,0.004233632924664424
0.02820267677307129,0.0009908773625530451,0.0060459613800048825,0.000743349192306911,5,0.7,7,2,"{'model__regressor__max_depth': 5, 'model__regressor__max_features': 0.7, 'model__regressor__min_samples_leaf': 7, 'model__regressor__min_samples_split': 2}",-0.18616324305065854,-0.20896513237089198,-0.19253817030746334,-0.17163570639143896,-0.1875917706933189,-0.18937880456275435,0.012016294666178779,233,-0.1561145792634568,-0.147260394894912,-0.1604442525427726,-0.15666110783942322,-0.15186581209582378,-0.15446922932727766,0.004515694529183417
0.029408836364746095,0.002144884026286316,0.005792808532714844,0.00016904939179631815,5,0.7,7,3,"{'model__regressor__max_depth': 5, 'model__regressor__max_features': 0.7, 'model__regressor__min_samples_leaf': 7, 'model__regressor__min_samples_split': 3}",-0.18616324305065854,-0.20896513237089198,-0.19253817030746334,-0.17163570639143896,-0.1875917706933189,-0.18937880456275435,0.012016294666178779,233,-0.1561145792634568,-0.147260394894912,-0.1604442525427726,-0.15666110783942322,-0.15186581209582378,-0.15446922932727766,0.004515694529183417
0.027053356170654297,0.001991691307697217,0.0061680316925048825,0.0006701985969412238,5,0.7,7,5,"{'model__regressor__max_depth': 5, 'model__regressor__max_features': 0.7, 'model__regressor__min_samples_leaf': 7, 'model__regressor__min_samples_split': 5}",-0.18616324305065854,-0.20896513237089198,-0.19253817030746334,-0.17163570639143896,-0.1875917706933189,-0.18937880456275435,0.012016294666178779,233,-0.1561145792634568,-0.147260394894912,-0.1604442525427726,-0.15666110783942322,-0.15186581209582378,-0.15446922932727766,0.004515694529183417
0.02693023681640625,0.0005056395390381717,0.007455635070800781,0.0015567820582140606,5,0.7,7,7,"{'model__regressor__max_depth': 5, 'model__regressor__max_features': 0.7, 'model__regressor__min_samples_leaf': 7, 'model__regressor__min_samples_split': 7}",-0.18616324305065854,-0.20896513237089198,-0.19253817030746334,-0.17163570639143896,-0.1875917706933189,-0.18937880456275435,0.012016294666178779,233,-0.1561145792634568,-0.147260394894912,-0.1604442525427726,-0.15666110783942322,-0.15186581209582378,-0.15446922932727766,0.004515694529183417
0.030106735229492188,0.0013371713641619283,0.006067466735839844,0.0007845279387413007,5,0.7,7,10,"{'model__regressor__max_depth': 5, 'model__regressor__max_features': 0.7, 'model__regressor__min_samples_leaf': 7, 'model__regressor__min_samples_split': 10}",-0.18616324305065854,-0.20896513237089198,-0.19253817030746334,-0.17163570639143896,-0.1875917706933189,-0.18937880456275435,0.012016294666178779,233,-0.1561145792634568,-0.147260394894912,-0.1604442525427726,-0.15666110783942322,-0.15186581209582378,-0.15446922932727766,0.004515694529183417
0.026531457901000977,0.000697531975757268,0.008809661865234375,0.000638296196993062,5,0.7,10,2,"{'model__regressor__max_depth': 5, 'model__regressor__max_features': 0.7, 'model__regressor__min_samples_leaf': 10, 'model__regressor__min_samples_split': 2}",-0.19161717216627638,-0.19992347498324833,-0.19778037467197115,-0.17692579556288515,-0.18520515694879994,-0.19029039486663618,0.008427674972981062,257,-0.15355687084404857,-0.151132479680571,-0.1664024605707054,-0.16034100786261055,-0.15355569075162287,-0.15699770194191168,0.0056163114443248535
0.029604291915893553,0.0016295697037116794,0.0057509422302246095,7.497654406391218e-05,5,0.7,10,3,"{'model__regressor__max_depth': 5, 'model__regressor__max_features': 0.7, 'model__regressor__min_samples_leaf': 10, 'model__regressor__min_samples_split': 3}",-0.19161717216627638,-0.19992347498324833,-0.19778037467197115,-0.17692579556288515,-0.18520515694879994,-0.19029039486663618,0.008427674972981062,257,-0.15355687084404857,-0.151132479680571,-0.1664024605707054,-0.16034100786261055,-0.15355569075162287,-0.15699770194191168,0.0056163114443248535
0.029250526428222658,0.0013824755335155622,0.005704927444458008,5.700396271700184e-05,5,0.7,10,5,"{'model__regressor__max_depth': 5, 'model__regressor__max_features': 0.7, 'model__regressor__min_samples_leaf': 10, 'model__regressor__min_samples_split': 5}",-0.19161717216627638,-0.19992347498324833,-0.19778037467197115,-0.17692579556288515,-0.18520515694879994,-0.19029039486663618,0.008427674972981062,257,-0.15355687084404857,-0.151132479680571,-0.1664024605707054,-0.16034100786261055,-0.15355569075162287,-0.15699770194191168,0.0056163114443248535
0.029219818115234376,0.002522758755640752,0.006223011016845703,0.0009736734011653374,5,0.7,10,7,"{'model__regressor__max_depth': 5, 'model__regressor__max_features': 0.7, 'model__regressor__min_samples_leaf': 10, 'model__regressor__min_samples_split': 7}",-0.19161717216627638,-0.19992347498324833,-0.19778037467197115,-0.17692579556288515,-0.18520515694879994,-0.19029039486663618,0.008427674972981062,257,-0.15355687084404857,-0.151132479680571,-0.1664024605707054,-0.16034100786261055,-0.15355569075162287,-0.15699770194191168,0.0056163114443248535
0.028749847412109376,0.0017296951975917757,0.005691814422607422,0.0001879583812404012,5,0.7,10,10,"{'model__regressor__max_depth': 5, 'model__regressor__max_features': 0.7, 'model__regressor__min_samples_leaf': 10, 'model__regressor__min_samples_split': 10}",-0.19161717216627638,-0.19992347498324833,-0.19778037467197115,-0.17692579556288515,-0.18520515694879994,-0.19029039486663618,0.008427674972981062,257,-0.15355687084404857,-0.151132479680571,-0.1664024605707054,-0.16034100786261055,-0.15355569075162287,-0.15699770194191168,0.0056163114443248535
0.0254366397857666,0.0014384618525533305,0.006363296508789062,0.0010062704683729043,5,0.5,1,2,"{'model__regressor__max_depth': 5, 'model__regressor__max_features': 0.5, 'model__regressor__min_samples_leaf': 1, 'model__regressor__min_samples_split': 2}",-0.19992392106273882,-0.20243282011951674,-0.20044125429278983,-0.17762132130648586,-0.18486017388822384,-0.19305589813395102,0.009950235657727548,359,-0.1467008160970948,-0.14947225371104603,-0.1529349306486046,-0.1553271362105177,-0.1521477500640118,-0.15131657734625498,0.0029698915630818794
0.0279996395111084,0.0020340305503586524,0.006275463104248047,0.0009588795515593951,5,0.5,1,3,"{'model__regressor__max_depth': 5, 'model__regressor__max_features': 0.5, 'model__regressor__min_samples_leaf': 1, 'model__regressor__min_samples_split': 3}",-0.19992392106273882,-0.20527868477914651,-0.20044125429278983,-0.17762132130648586,-0.18412439750958842,-0.1934779157901499,0.01066036686659909,382,-0.1467008160970948,-0.1492986067641828,-0.1529349306486046,-0.15535563998324112,-0.15727114947282697,-0.15231222859319005,0.003868097045292741
0.025668764114379884,0.0019612491005385627,0.005762720108032226,0.00036700485519070675,5,0.5,1,5,"{'model__regressor__max_depth': 5, 'model__regressor__max_features': 0.5, 'model__regressor__min_samples_leaf': 1, 'model__regressor__min_samples_split': 5}",-0.19992392106273882,-0.20527868477914651,-0.20044125429278983,-0.17762132130648586,-0.18412439750958842,-0.1934779157901499,0.01066036686659909,382,-0.1467008160970948,-0.1492986067641828,-0.1531200505967232,-0.15535563998324112,-0.15727114947282697,-0.15234925258281376,0.0038747603388996506
0.02640542984008789,0.001930035702684734,0.006691169738769531,0.0011788171003969583,5,0.5,1,7,"{'model__regressor__max_depth': 5, 'model__regressor__max_features': 0.5, 'model__regressor__min_samples_leaf': 1, 'model__regressor__min_samples_split': 7}",-0.19992392106273882,-0.20527868477914651,-0.20044125429278983,-0.17656322340529584,-0.17885425188705636,-0.19221226708540548,0.012010380901653624,340,-0.1467008160970948,-0.1492986067641828,-0.1531200505967232,-0.15677181469079202,-0.1574154787556217,-0.15266135338088288,0.004160386350193234
0.02524561882019043,0.0016075733707279509,0.006913995742797852,0.0015595434929831285,5,0.5,1,10,"{'model__regressor__max_depth': 5, 'model__regressor__max_features': 0.5, 'model__regressor__min_samples_leaf': 1, 'model__regressor__min_samples_split': 10}",-0.19992392106273882,-0.19773364833134713,-0.19530155654097395,-0.17656322340529584,-0.17885425188705636,-0.18967532024548242,0.009906034616008275,249,-0.1467008160970948,-0.15632803181030241,-0.153300291568391,-0.15677181469079202,-0.1574154787556217,-0.1541032865844404,0.00396188139310207
0.02647390365600586,0.001371134072418912,0.005730152130126953,0.00010764645051487372,5,0.5,3,2,"{'model__regressor__max_depth': 5, 'model__regressor__max_features': 0.5, 'model__regressor__min_samples_leaf': 3, 'model__regressor__min_samples_split': 2}",-0.18122028621979902,-0.20866144866750225,-0.20481518619168534,-0.17938139710280124,-0.18715350636477746,-0.19224636490931307,0.012169217388979222,345,-0.1488138584632915,-0.1515600181110732,-0.15393406535996543,-0.15722779199455678,-0.1580678081781461,-0.15392070842140662,0.003457981833265133
0.02666759490966797,0.002159511370167147,0.006518363952636719,0.001682741272359648,5,0.5,3,3,"{'model__regressor__max_depth': 5, 'model__regressor__max_features': 0.5, 'model__regressor__min_samples_leaf': 3, 'model__regressor__min_samples_split': 3}",-0.18122028621979902,-0.20866144866750225,-0.20481518619168534,-0.17938139710280124,-0.18715350636477746,-0.19224636490931307,0.012169217388979222,345,-0.1488138584632915,-0.1515600181110732,-0.15393406535996543,-0.15722779199455678,-0.1580678081781461,-0.15392070842140662,0.003457981833265133
0.025258922576904298,0.0016142004603260324,0.005695152282714844,0.00034482403842606797,5,0.5,3,5,"{'model__regressor__max_depth': 5, 'model__regressor__max_features': 0.5, 'model__regressor__min_samples_leaf': 3, 'model__regressor__min_samples_split': 5}",-0.18122028621979902,-0.20866144866750225,-0.20481518619168534,-0.17938139710280124,-0.18715350636477746,-0.19224636490931307,0.012169217388979222,345,-0.1488138584632915,-0.1515600181110732,-0.15393406535996543,-0.15722779199455678,-0.1580678081781461,-0.15392070842140662,0.003457981833265133
0.027196836471557618,0.001690592984702927,0.005739974975585938,0.00020501438247253568,5,0.5,3,7,"{'model__regressor__max_depth': 5, 'model__regressor__max_features': 0.5, 'model__regressor__min_samples_leaf': 3, 'model__regressor__min_samples_split': 7}",-0.18122028621979902,-0.20866144866750225,-0.20481518619168534,-0.17938139710280124,-0.18715350636477746,-0.19224636490931307,0.012169217388979222,345,-0.1488138584632915,-0.1515600181110732,-0.15393406535996543,-0.15722779199455678,-0.1580678081781461,-0.15392070842140662,0.003457981833265133
0.028723621368408205,0.003349366062566209,0.005836582183837891,0.00010826173678666724,5,0.5,3,10,"{'model__regressor__max_depth': 5, 'model__regressor__max_features': 0.5, 'model__regressor__min_samples_leaf': 3, 'model__regressor__min_samples_split': 10}",-0.18122028621979902,-0.19758799086905823,-0.19342588480528003,-0.17938139710280124,-0.18021814555903856,-0.1863667409111954,0.007600450143917268,165,-0.1488138584632915,-0.15659201007556695,-0.15428310212718402,-0.15722779199455678,-0.15323128720015827,-0.15402960997215148,0.0029899800621924232
0.027155160903930664,0.0015038037506477648,0.006241989135742187,0.0011314962298602687,5,0.5,5,2,"{'model__regressor__max_depth': 5, 'model__regressor__max_features': 0.5, 'model__regressor__min_samples_leaf': 5, 'model__regressor__min_samples_split': 2}",-0.18597492285424802,-0.19062877853709054,-0.19657384415564746,-0.18483264507703437,-0.18101474919711408,-0.1878049879642269,0.005350849188033919,181,-0.15005286577515475,-0.15751277225396615,-0.15500299845238164,-0.15881129754775242,-0.15352695666556018,-0.154981378138963,0.0030816321073013483
0.025779533386230468,0.0016661102819876736,0.006339120864868164,0.0012978212406177271,5,0.5,5,3,"{'model__regressor__max_depth': 5, 'model__regressor__max_features': 0.5, 'model__regressor__min_samples_leaf': 5, 'model__regressor__min_samples_split': 3}",-0.18597492285424802,-0.19062877853709054,-0.19657384415564746,-0.18483264507703437,-0.18101474919711408,-0.1878049879642269,0.005350849188033919,181,-0.15005286577515475,-0.15751277225396615,-0.15500299845238164,-0.15881129754775242,-0.15352695666556018,-0.154981378138963,0.0030816321073013483
0.025957345962524414,0.002340638518270897,0.005751991271972656,0.00027569620202037214,5,0.5,5,5,"{'model__regressor__max_depth': 5, 'model__regressor__max_features': 0.5, 'model__regressor__min_samples_leaf': 5, 'model__regressor__min_samples_split': 5}",-0.18597492285424802,-0.19062877853709054,-0.19657384415564746,-0.18483264507703437,-0.18101474919711408,-0.1878049879642269,0.005350849188033919,181,-0.15005286577515475,-0.15751277225396615,-0.15500299845238164,-0.15881129754775242,-0.15352695666556018,-0.154981378138963,0.0030816321073013483
0.02720041275024414,0.0033329165887451754,0.005681037902832031,0.00018601282471785162,5,0.5,5,7,"{'model__regressor__max_depth': 5, 'model__regressor__max_features': 0.5, 'model__regressor__min_samples_leaf': 5, 'model__regressor__min_samples_split': 7}",-0.18597492285424802,-0.19062877853709054,-0.19657384415564746,-0.18483264507703437,-0.18101474919711408,-0.1878049879642269,0.005350849188033919,181,-0.15005286577515475,-0.15751277225396615,-0.15500299845238164,-0.15881129754775242,-0.15352695666556018,-0.154981378138963,0.0030816321073013483
0.025854110717773438,0.0022611439001097742,0.007359743118286133,0.001935711061422269,5,0.5,5,10,"{'model__regressor__max_depth': 5, 'model__regressor__max_features': 0.5, 'model__regressor__min_samples_leaf': 5, 'model__regressor__min_samples_split': 10}",-0.18597492285424802,-0.19062877853709054,-0.19657384415564746,-0.18483264507703437,-0.18101474919711408,-0.1878049879642269,0.005350849188033919,181,-0.15005286577515475,-0.15751277225396615,-0.15500299845238164,-0.15881129754775242,-0.15352695666556018,-0.154981378138963,0.0030816321073013483
0.02591052055358887,0.002272710923806682,0.005614089965820313,0.00012086814635249372,5,0.5,7,2,"{'model__regressor__max_depth': 5, 'model__regressor__max_features': 0.5, 'model__regressor__min_samples_leaf': 7, 'model__regressor__min_samples_split': 2}",-0.18972489108741214,-0.20112591395768295,-0.20242220601354946,-0.17378891572018298,-0.1689238457718618,-0.18719715451013785,0.013754247816045841,171,-0.150409409936388,-0.15656726277740915,-0.15576432007252994,-0.15859436770029178,-0.15723075860347,-0.15571322381801778,0.0028094959319342233
0.025707340240478514,0.0016045808762002402,0.005822134017944336,0.0002684309200760795,5,0.5,7,3,"{'model__regressor__max_depth': 5, 'model__regressor__max_features': 0.5, 'model__regressor__min_samples_leaf': 7, 'model__regressor__min_samples_split': 3}",-0.18972489108741214,-0.20112591395768295,-0.20242220601354946,-0.17378891572018298,-0.1689238457718618,-0.18719715451013785,0.013754247816045841,171,-0.150409409936388,-0.15656726277740915,-0.15576432007252994,-0.15859436770029178,-0.15723075860347,-0.15571322381801778,0.0028094959319342233
0.024969100952148438,0.0015213071687056932,0.006566286087036133,0.0013118478506675584,5,0.5,7,5,"{'model__regressor__max_depth': 5, 'model__regressor__max_features': 0.5, 'model__regressor__min_samples_leaf': 7, 'model__regressor__min_samples_split': 5}",-0.18972489108741214,-0.20112591395768295,-0.20242220601354946,-0.17378891572018298,-0.1689238457718618,-0.18719715451013785,0.013754247816045841,171,-0.150409409936388,-0.15656726277740915,-0.15576432007252994,-0.15859436770029178,-0.15723075860347,-0.15571322381801778,0.0028094959319342233
0.026342010498046874,0.0025437476873973112,0.005900859832763672,0.0005159609413952998,5,0.5,7,7,"{'model__regressor__max_depth': 5, 'model__regressor__max_features': 0.5, 'model__regressor__min_samples_leaf': 7, 'model__regressor__min_samples_split': 7}",-0.18972489108741214,-0.20112591395768295,-0.20242220601354946,-0.17378891572018298,-0.1689238457718618,-0.18719715451013785,0.013754247816045841,171,-0.150409409936388,-0.15656726277740915,-0.15576432007252994,-0.15859436770029178,-0.15723075860347,-0.15571322381801778,0.0028094959319342233
0.025229597091674806,0.0015860240961332343,0.006565237045288086,0.001100159819843121,5,0.5,7,10,"{'model__regressor__max_depth': 5, 'model__regressor__max_features': 0.5, 'model__regressor__min_samples_leaf': 7, 'model__regressor__min_samples_split': 10}",-0.18972489108741214,-0.20112591395768295,-0.20242220601354946,-0.17378891572018298,-0.1689238457718618,-0.18719715451013785,0.013754247816045841,171,-0.150409409936388,-0.15656726277740915,-0.15576432007252994,-0.15859436770029178,-0.15723075860347,-0.15571322381801778,0.0028094959319342233
0.026743316650390626,0.0015914167487562486,0.005710697174072266,7.131300173778995e-05,5,0.5,10,2,"{'model__regressor__max_depth': 5, 'model__regressor__max_features': 0.5, 'model__regressor__min_samples_leaf': 10, 'model__regressor__min_samples_split': 2}",-0.18596849405829172,-0.20366112191530147,-0.21421021129527618,-0.17447143193522488,-0.18259314266871254,-0.19218088037456135,0.014568667672318862,334,-0.15470356819747907,-0.1583853839668799,-0.16010351152023403,-0.1620149821744491,-0.16170875850025118,-0.15938324087185865,0.002673871316005489
0.02602391242980957,0.001733843696793043,0.0069366455078125,0.0011236233999317871,5,0.5,10,3,"{'model__regressor__max_depth': 5, 'model__regressor__max_features': 0.5, 'model__regressor__min_samples_leaf': 10, 'model__regressor__min_samples_split': 3}",-0.18596849405829172,-0.20366112191530147,-0.21421021129527618,-0.17447143193522488,-0.18259314266871254,-0.19218088037456135,0.014568667672318862,334,-0.15470356819747907,-0.1583853839668799,-0.16010351152023403,-0.1620149821744491,-0.16170875850025118,-0.15938324087185865,0.002673871316005489
0.024158334732055663,0.00018858078288432485,0.0070459842681884766,0.0019563226628678456,5,0.5,10,5,"{'model__regressor__max_depth': 5, 'model__regressor__max_features': 0.5, 'model__regressor__min_samples_leaf': 10, 'model__regressor__min_samples_split': 5}",-0.18596849405829172,-0.20366112191530147,-0.21421021129527618,-0.17447143193522488,-0.18259314266871254,-0.19218088037456135,0.014568667672318862,334,-0.15470356819747907,-0.1583853839668799,-0.16010351152023403,-0.1620149821744491,-0.16170875850025118,-0.15938324087185865,0.002673871316005489
0.025623321533203125,0.0013143749734289062,0.005672836303710937,0.00014055600073362018,5,0.5,10,7,"{'model__regressor__max_depth': 5, 'model__regressor__max_features': 0.5, 'model__regressor__min_samples_leaf': 10, 'model__regressor__min_samples_split': 7}",-0.18596849405829172,-0.20366112191530147,-0.21421021129527618,-0.17447143193522488,-0.18259314266871254,-0.19218088037456135,0.014568667672318862,334,-0.15470356819747907,-0.1583853839668799,-0.16010351152023403,-0.1620149821744491,-0.16170875850025118,-0.15938324087185865,0.002673871316005489
0.025726175308227538,0.001427045761292855,0.006365060806274414,0.001205325894180565,5,0.5,10,10,"{'model__regressor__max_depth': 5, 'model__regressor__max_features': 0.5, 'model__regressor__min_samples_leaf': 10, 'model__regressor__min_samples_split': 10}",-0.18596849405829172,-0.20366112191530147,-0.21421021129527618,-0.17447143193522488,-0.18259314266871254,-0.19218088037456135,0.014568667672318862,334,-0.15470356819747907,-0.1583853839668799,-0.16010351152023403,-0.1620149821744491,-0.16170875850025118,-0.15938324087185865,0.002673871316005489
0.03988227844238281,0.0009366738746767082,0.006577968597412109,0.0013288702873542903,7,,1,2,"{'model__regressor__max_depth': 7, 'model__regressor__max_features': None, 'model__regressor__min_samples_leaf': 1, 'model__regressor__min_samples_split': 2}",-0.21473369237520906,-0.22667557434749305,-0.19422904282485187,-0.18919455651571013,-0.20448247020435398,-0.20586306725352363,0.013615757521502177,485,-0.10105760257499906,-0.10004974325124603,-0.10422747090530246,-0.10133182745618322,-0.10596250006805064,-0.10252582885115628,0.0022099150373146915
0.03977346420288086,0.0017113144258305642,0.00590968132019043,0.0005606308936514612,7,,1,3,"{'model__regressor__max_depth': 7, 'model__regressor__max_features': None, 'model__regressor__min_samples_leaf': 1, 'model__regressor__min_samples_split': 3}",-0.19605974156352116,-0.2288771794499588,-0.17784471592950962,-0.19125304176464272,-0.2013739561788792,-0.1990817269773023,0.01681936175368723,453,-0.10135607186982208,-0.10051214136567899,-0.10449362288254713,-0.10178296190060968,-0.10680147672877993,-0.10298925494948756,0.0023261418430996286
0.03932642936706543,0.0010332340216204293,0.006140565872192383,0.0007978478687407265,7,,1,5,"{'model__regressor__max_depth': 7, 'model__regressor__max_features': None, 'model__regressor__min_samples_leaf': 1, 'model__regressor__min_samples_split': 5}",-0.19577929188522133,-0.22440188246550508,-0.17854016602440806,-0.1914121399481867,-0.1960607180568977,-0.19723883967604378,0.014999599794223079,426,-0.10194704738689153,-0.10299419661014363,-0.10569942399443384,-0.10430868043373417,-0.10868985744473296,-0.10472784117398722,0.002347576596957164
0.03886842727661133,0.0017976702935406266,0.006686353683471679,0.0016597156828119805,7,,1,7,"{'model__regressor__max_depth': 7, 'model__regressor__max_features': None, 'model__regressor__min_samples_leaf': 1, 'model__regressor__min_samples_split': 7}",-0.20907078037514476,-0.2259341409904234,-0.1937878832994666,-0.1907916611700637,-0.19497620224955858,-0.20291213361693136,0.013123098386099671,477,-0.10273875248172984,-0.104433168842143,-0.10613412448723586,-0.10498847418991218,-0.10979149746941491,-0.10561720349408717,0.002356890168467303
0.03919076919555664,0.00179024569747058,0.0062275886535644535,0.0007401287146483552,7,,1,10,"{'model__regressor__max_depth': 7, 'model__regressor__max_features': None, 'model__regressor__min_samples_leaf': 1, 'model__regressor__min_samples_split': 10}",-0.1916062691424322,-0.22401631260241092,-0.19537606276589248,-0.19002845569823726,-0.18800234541700647,-0.19780588912519587,0.013326091571583525,430,-0.10513856067918394,-0.10553945009307182,-0.1073756682598239,-0.10733058798679047,-0.11285275477812506,-0.10764740435939904,0.0027570873727242933
0.038744115829467775,0.0002943575912681973,0.006091451644897461,0.0006606581425330739,7,,3,2,"{'model__regressor__max_depth': 7, 'model__regressor__max_features': None, 'model__regressor__min_samples_leaf': 3, 'model__regressor__min_samples_split': 2}",-0.18535342650423992,-0.21828339032701174,-0.1881052402302729,-0.19155587164085996,-0.19519365289041984,-0.19569831631856088,0.011765811921016679,417,-0.10560689976837692,-0.10589132061929715,-0.11050986414483664,-0.10526306568053038,-0.11086728585475814,-0.10762768721355984,0.002509658505135106
0.039156866073608396,0.0012974011741840904,0.006518268585205078,0.0010224262532030387,7,,3,3,"{'model__regressor__max_depth': 7, 'model__regressor__max_features': None, 'model__regressor__min_samples_leaf': 3, 'model__regressor__min_samples_split': 3}",-0.18535342650423992,-0.21828339032701174,-0.1881052402302729,-0.19155587164085996,-0.19519365289041984,-0.19569831631856088,0.011765811921016679,417,-0.10560689976837692,-0.10589132061929715,-0.11050986414483664,-0.10526306568053038,-0.11086728585475814,-0.10762768721355984,0.002509658505135106
0.03881173133850098,0.000908911518913276,0.0067046165466308595,0.0014623281008100534,7,,3,5,"{'model__regressor__max_depth': 7, 'model__regressor__max_features': None, 'model__regressor__min_samples_leaf': 3, 'model__regressor__min_samples_split': 5}",-0.18535342650423992,-0.21828339032701174,-0.1881052402302729,-0.19155587164085996,-0.19519365289041984,-0.19569831631856088,0.011765811921016679,417,-0.10560689976837692,-0.10589132061929715,-0.11050986414483664,-0.10526306568053038,-0.11086728585475814,-0.10762768721355984,0.002509658505135106
0.04003820419311523,0.0015945127033046818,0.005790996551513672,0.0001756964341696342,7,,3,7,"{'model__regressor__max_depth': 7, 'model__regressor__max_features': None, 'model__regressor__min_samples_leaf': 3, 'model__regressor__min_samples_split': 7}",-0.18505571677992388,-0.21487737547749938,-0.19008873562155115,-0.1885605851840497,-0.19325272329900825,-0.19436702727240646,0.01058900476061773,396,-0.10598532959038576,-0.10712597991514469,-0.11140718834867953,-0.10611650594699959,-0.1126542868524504,-0.10865785813073199,0.002809903548636957
0.03866634368896484,0.0024359559133128573,0.006577205657958984,0.0015446510536166356,7,,3,10,"{'model__regressor__max_depth': 7, 'model__regressor__max_features': None, 'model__regressor__min_samples_leaf': 3, 'model__regressor__min_samples_split': 10}",-0.1868052650867317,-0.21051906895961817,-0.19035866667066356,-0.18946654515029698,-0.18535573657375584,-0.19250105648821322,0.009186343156872803,350,-0.10928889011379873,-0.1084861379341101,-0.11506472846475962,-0.11141125170813966,-0.1145438092313017,-0.11175896349042196,0.0026689698745974073
0.04061746597290039,0.0031551888506095483,0.006434202194213867,0.0014822992449839254,7,,5,2,"{'model__regressor__max_depth': 7, 'model__regressor__max_features': None, 'model__regressor__min_samples_leaf': 5, 'model__regressor__min_samples_split': 2}",-0.17912104504113568,-0.21263697304745302,-0.2030175666396234,-0.18373486487638788,-0.1797395065549184,-0.19164999123190368,0.013646673876751319,304,-0.11339941248521311,-0.11429169955396191,-0.11702672930641099,-0.11157784979335317,-0.11618209366672352,-0.11449555696113253,0.0019497356319391733
0.0394254207611084,0.0006209978553996146,0.006181192398071289,0.00039528400939354376,7,,5,3,"{'model__regressor__max_depth': 7, 'model__regressor__max_features': None, 'model__regressor__min_samples_leaf': 5, 'model__regressor__min_samples_split': 3}",-0.17912104504113568,-0.21263697304745302,-0.2030175666396234,-0.18373486487638788,-0.1797395065549184,-0.19164999123190368,0.013646673876751319,304,-0.11339941248521311,-0.11429169955396191,-0.11702672930641099,-0.11157784979335317,-0.11618209366672352,-0.11449555696113253,0.0019497356319391733
0.038740110397338864,0.0012599576012215679,0.006479215621948242,0.0011291823612178374,7,,5,5,"{'model__regressor__max_depth': 7, 'model__regressor__max_features': None, 'model__regressor__min_samples_leaf': 5, 'model__regressor__min_samples_split': 5}",-0.17912104504113568,-0.21263697304745302,-0.2030175666396234,-0.18373486487638788,-0.1797395065549184,-0.19164999123190368,0.013646673876751319,304,-0.11339941248521311,-0.11429169955396191,-0.11702672930641099,-0.11157784979335317,-0.11618209366672352,-0.11449555696113253,0.0019497356319391733
0.040396928787231445,0.0017845626218205312,0.006083011627197266,0.0005459038504265946,7,,5,7,"{'model__regressor__max_depth': 7, 'model__regressor__max_features': None, 'model__regressor__min_samples_leaf': 5, 'model__regressor__min_samples_split': 7}",-0.17912104504113568,-0.21263697304745302,-0.2030175666396234,-0.18373486487638788,-0.1797395065549184,-0.19164999123190368,0.013646673876751319,304,-0.11339941248521311,-0.11429169955396191,-0.11702672930641099,-0.11157784979335317,-0.11618209366672352,-0.11449555696113253,0.0019497356319391733
0.03797116279602051,0.0015427188018563914,0.0066945552825927734,0.0013226852956437815,7,,5,10,"{'model__regressor__max_depth': 7, 'model__regressor__max_features': None, 'model__regressor__min_samples_leaf': 5, 'model__regressor__min_samples_split': 10}",-0.17912104504113568,-0.21263697304745302,-0.2030175666396234,-0.18373486487638788,-0.1797395065549184,-0.19164999123190368,0.013646673876751319,304,-0.11339941248521311,-0.11429169955396191,-0.11702672930641099,-0.11157784979335317,-0.11618209366672352,-0.11449555696113253,0.0019497356319391733
0.03743586540222168,0.0019511367936314776,0.007253456115722656,0.0018602575519350811,7,,7,2,"{'model__regressor__max_depth': 7, 'model__regressor__max_features': None, 'model__regressor__min_samples_leaf': 7, 'model__regressor__min_samples_split': 2}",-0.17753130732007585,-0.20212697563524157,-0.1921899078882214,-0.18324117045675453,-0.16935965522440075,-0.18488980330493882,0.011388262288007026,141,-0.12060486351249554,-0.11894094352624385,-0.12253639729227088,-0.11805255472751687,-0.12483592910462607,-0.12099413763263064,0.002455930656138989
0.039077138900756835,0.0014288709500189913,0.0061091423034667965,0.0007113149578522575,7,,7,3,"{'model__regressor__max_depth': 7, 'model__regressor__max_features': None, 'model__regressor__min_samples_leaf': 7, 'model__regressor__min_samples_split': 3}",-0.17753130732007585,-0.20212697563524157,-0.1921899078882214,-0.18324117045675453,-0.16935965522440075,-0.18488980330493882,0.011388262288007026,141,-0.12060486351249554,-0.11894094352624385,-0.12253639729227088,-0.11805255472751687,-0.12483592910462607,-0.12099413763263064,0.002455930656138989
0.03677334785461426,0.0012656027365179152,0.006470251083374024,0.0007820347806160003,7,,7,5,"{'model__regressor__max_depth': 7, 'model__regressor__max_features': None, 'model__regressor__min_samples_leaf': 7, 'model__regressor__min_samples_split': 5}",-0.17753130732007585,-0.20212697563524157,-0.1921899078882214,-0.18324117045675453,-0.16935965522440075,-0.18488980330493882,0.011388262288007026,141,-0.12060486351249554,-0.11894094352624385,-0.12253639729227088,-0.11805255472751687,-0.12483592910462607,-0.12099413763263064,0.002455930656138989
0.036614418029785156,0.001387134750584318,0.006273317337036133,0.0009999221588776867,7,,7,7,"{'model__regressor__max_depth': 7, 'model__regressor__max_features': None, 'model__regressor__min_samples_leaf': 7, 'model__regressor__min_samples_split': 7}",-0.17753130732007585,-0.20212697563524157,-0.1921899078882214,-0.18324117045675453,-0.16935965522440075,-0.18488980330493882,0.011388262288007026,141,-0.12060486351249554,-0.11894094352624385,-0.12253639729227088,-0.11805255472751687,-0.12483592910462607,-0.12099413763263064,0.002455930656138989
0.03920741081237793,0.0005339125751336616,0.0057543754577636715,0.00024618551564706883,7,,7,10,"{'model__regressor__max_depth': 7, 'model__regressor__max_features': None, 'model__regressor__min_samples_leaf': 7, 'model__regressor__min_samples_split': 10}",-0.17753130732007585,-0.20212697563524157,-0.1921899078882214,-0.18324117045675453,-0.16935965522440075,-0.18488980330493882,0.011388262288007026,141,-0.12060486351249554,-0.11894094352624385,-0.12253639729227088,-0.11805255472751687,-0.12483592910462607,-0.12099413763263064,0.002455930656138989
0.03594331741333008,0.0008453455211876022,0.006505632400512695,0.0008765178255309275,7,,10,2,"{'model__regressor__max_depth': 7, 'model__regressor__max_features': None, 'model__regressor__min_samples_leaf': 10, 'model__regressor__min_samples_split': 2}",-0.17852933751684905,-0.20558307166273976,-0.18444118276132188,-0.1842691707756115,-0.17132606382355184,-0.1848297653080148,0.0114298760396743,136,-0.12949473278058055,-0.12942780590226713,-0.13016247610042758,-0.12586351671475118,-0.13179093005667025,-0.12934789231093932,0.0019391132910729033
0.037501192092895506,0.001167331728943609,0.005694198608398438,0.00014673817336710034,7,,10,3,"{'model__regressor__max_depth': 7, 'model__regressor__max_features': None, 'model__regressor__min_samples_leaf': 10, 'model__regressor__min_samples_split': 3}",-0.17852933751684905,-0.20558307166273976,-0.18444118276132188,-0.1842691707756115,-0.17132606382355184,-0.1848297653080148,0.0114298760396743,136,-0.12949473278058055,-0.12942780590226713,-0.13016247610042758,-0.12586351671475118,-0.13179093005667025,-0.12934789231093932,0.0019391132910729033
0.035955619812011716,0.001280577304464172,0.00579681396484375,0.00011053272522204324,7,,10,5,"{'model__regressor__max_depth': 7, 'model__regressor__max_features': None, 'model__regressor__min_samples_leaf': 10, 'model__regressor__min_samples_split': 5}",-0.17852933751684905,-0.20558307166273976,-0.18444118276132188,-0.1842691707756115,-0.17132606382355184,-0.1848297653080148,0.0114298760396743,136,-0.12949473278058055,-0.12942780590226713,-0.13016247610042758,-0.12586351671475118,-0.13179093005667025,-0.12934789231093932,0.0019391132910729033
0.036098384857177736,0.0010011690460977598,0.005902862548828125,4.638392861972212e-05,7,,10,7,"{'model__regressor__max_depth': 7, 'model__regressor__max_features': None, 'model__regressor__min_samples_leaf': 10, 'model__regressor__min_samples_split': 7}",-0.17852933751684905,-0.20558307166273976,-0.18444118276132188,-0.1842691707756115,-0.17132606382355184,-0.1848297653080148,0.0114298760396743,136,-0.12949473278058055,-0.12942780590226713,-0.13016247610042758,-0.12586351671475118,-0.13179093005667025,-0.12934789231093932,0.0019391132910729033
0.03769583702087402,0.001701969160960068,0.0057658195495605465,0.00011735597001970263,7,,10,10,"{'model__regressor__max_depth': 7, 'model__regressor__max_features': None, 'model__regressor__min_samples_leaf': 10, 'model__regressor__min_samples_split': 10}",-0.17852933751684905,-0.20558307166273976,-0.18444118276132188,-0.1842691707756115,-0.17132606382355184,-0.1848297653080148,0.0114298760396743,136,-0.12949473278058055,-0.12942780590226713,-0.13016247610042758,-0.12586351671475118,-0.13179093005667025,-0.12934789231093932,0.0019391132910729033
0.039951324462890625,0.0026958403095385095,0.007167243957519531,0.0014287474691495536,7,0.9,1,2,"{'model__regressor__max_depth': 7, 'model__regressor__max_features': 0.9, 'model__regressor__min_samples_leaf': 1, 'model__regressor__min_samples_split': 2}",-0.20433203955032636,-0.2472606202159249,-0.18444120016130167,-0.18928515143152003,-0.18825166232660778,-0.20271413473713618,0.023282645139060205,474,-0.10253653380199135,-0.1003916304196128,-0.10483357026684856,-0.1024098517676242,-0.10601771216998165,-0.10323785968521171,0.001977490745153746
0.037123823165893556,0.0016139393652300801,0.007341194152832031,0.0014938191248237526,7,0.9,1,3,"{'model__regressor__max_depth': 7, 'model__regressor__max_features': 0.9, 'model__regressor__min_samples_leaf': 1, 'model__regressor__min_samples_split': 3}",-0.19462264795721088,-0.21497117650735612,-0.18572456288437322,-0.19069085940912764,-0.17737942598791276,-0.19267773454919615,0.012546814387448936,351,-0.10555380845530347,-0.10336580033174338,-0.10505700551499376,-0.10421336281331268,-0.10736121037310496,-0.10511023749769163,0.0013501046588829035
0.03732004165649414,0.0013155299576022223,0.005784034729003906,0.00024067889700769675,7,0.9,1,5,"{'model__regressor__max_depth': 7, 'model__regressor__max_features': 0.9, 'model__regressor__min_samples_leaf': 1, 'model__regressor__min_samples_split': 5}",-0.19029024171152348,-0.2237639109667318,-0.18030792042257573,-0.18760839249848554,-0.18052718634289303,-0.1924995303884419,0.01611358467111197,349,-0.10658676345362438,-0.10301355265871207,-0.10599079951805762,-0.10577937690434462,-0.10814853568516918,-0.10590380564398157,0.0016662447054257002
0.03774881362915039,0.0017031181905615732,0.00608978271484375,0.0006471261164956847,7,0.9,1,7,"{'model__regressor__max_depth': 7, 'model__regressor__max_features': 0.9, 'model__regressor__min_samples_leaf': 1, 'model__regressor__min_samples_split': 7}",-0.18680148525417017,-0.22661313483508064,-0.19993495574474127,-0.1858093484735803,-0.18808739929114546,-0.19744926471974358,0.015448089603859547,428,-0.1075120405956564,-0.10463124760463158,-0.10465431057330847,-0.10587514919483854,-0.10849478640547594,-0.1062335068747822,0.0015451569205419528
0.036069297790527345,0.001030728609182768,0.005768251419067383,0.00015159675447283248,7,0.9,1,10,"{'model__regressor__max_depth': 7, 'model__regressor__max_features': 0.9, 'model__regressor__min_samples_leaf': 1, 'model__regressor__min_samples_split': 10}",-0.18339343533145117,-0.19984481175977029,-0.198090433279463,-0.18981475047156918,-0.17631589946179185,-0.1894918660608091,0.008854603891549925,242,-0.10759892257751569,-0.10491078420521195,-0.10593134315891263,-0.10697409915652116,-0.11080569721493501,-0.10724416926261929,0.0020025717133960266
0.03754692077636719,0.00175683200824204,0.007275581359863281,0.0012533043402804523,7,0.9,3,2,"{'model__regressor__max_depth': 7, 'model__regressor__max_features': 0.9, 'model__regressor__min_samples_leaf': 3, 'model__regressor__min_samples_split': 2}",-0.18413684667932037,-0.20906739666766422,-0.18526887107773737,-0.18286876826552692,-0.1813048513652896,-0.1885293468111077,0.010353470290133502,193,-0.11141986159891197,-0.10710746464362014,-0.1123804702891501,-0.10697674922380118,-0.11135090935832628,-0.10984709102276194,0.0023193750071559844
0.0354400634765625,0.0004243552969014236,0.006939125061035156,0.001198628025869612,7,0.9,3,3,"{'model__regressor__max_depth': 7, 'model__regressor__max_features': 0.9, 'model__regressor__min_samples_leaf': 3, 'model__regressor__min_samples_split': 3}",-0.18413684667932037,-0.20906739666766422,-0.18526887107773737,-0.18286876826552692,-0.1813048513652896,-0.1885293468111077,0.010353470290133502,193,-0.11141986159891197,-0.10710746464362014,-0.1123804702891501,-0.10697674922380118,-0.11135090935832628,-0.10984709102276194,0.0023193750071559844
0.03907122611999512,0.0012472582213325868,0.0065650463104248045,0.0013561975198784755,7,0.9,3,5,"{'model__regressor__max_depth': 7, 'model__regressor__max_features': 0.9, 'model__regressor__min_samples_leaf': 3, 'model__regressor__min_samples_split': 5}",-0.18413684667932037,-0.20906739666766422,-0.18526887107773737,-0.18286876826552692,-0.1813048513652896,-0.1885293468111077,0.010353470290133502,193,-0.11141986159891197,-0.10710746464362014,-0.1123804702891501,-0.10697674922380118,-0.11135090935832628,-0.10984709102276194,0.0023193750071559844
0.036319398880004884,0.0010231046624147354,0.0066280364990234375,0.0013951273265629715,7,0.9,3,7,"{'model__regressor__max_depth': 7, 'model__regressor__max_features': 0.9, 'model__regressor__min_samples_leaf': 3, 'model__regressor__min_samples_split': 7}",-0.196093347115151,-0.208655264500857,-0.1877443175552288,-0.1867369871281688,-0.1739688401533388,-0.1906397512905489,0.011452814557273221,268,-0.109477553702559,-0.10919024035749503,-0.11183554600192953,-0.10709726874575862,-0.1112534147149719,-0.10977080470454281,0.0016752393681082345
0.03791341781616211,0.0017330150915971627,0.006921243667602539,0.001649132100948584,7,0.9,3,10,"{'model__regressor__max_depth': 7, 'model__regressor__max_features': 0.9, 'model__regressor__min_samples_leaf': 3, 'model__regressor__min_samples_split': 10}",-0.18790620613466413,-0.21253275835427443,-0.188035466114042,-0.18474130258487,-0.17420789756786983,-0.18948472615114406,0.012583206485041338,241,-0.11355284603329414,-0.10854226988731705,-0.11421082596215994,-0.1102641163121702,-0.11599792341569334,-0.11251359632212694,0.002717821100629817
0.037679862976074216,0.0026726756763691788,0.007435369491577149,0.0018875670875594251,7,0.9,5,2,"{'model__regressor__max_depth': 7, 'model__regressor__max_features': 0.9, 'model__regressor__min_samples_leaf': 5, 'model__regressor__min_samples_split': 2}",-0.1877389441249712,-0.21240452184585862,-0.19992140106180292,-0.17758206978047167,-0.16784859697955198,-0.18909910675853128,0.015788228370463044,223,-0.11571570642525643,-0.1143326401970855,-0.11835925241724293,-0.112822894576357,-0.11667320887029727,-0.11558074049724783,0.0019023827122864043
0.03734655380249023,0.0018909476759056364,0.005778789520263672,8.833503272181129e-05,7,0.9,5,3,"{'model__regressor__max_depth': 7, 'model__regressor__max_features': 0.9, 'model__regressor__min_samples_leaf': 5, 'model__regressor__min_samples_split': 3}",-0.1877389441249712,-0.21240452184585862,-0.19992140106180292,-0.17758206978047167,-0.16784859697955198,-0.18909910675853128,0.015788228370463044,223,-0.11571570642525643,-0.1143326401970855,-0.11835925241724293,-0.112822894576357,-0.11667320887029727,-0.11558074049724783,0.0019023827122864043
0.038716888427734374,0.0039322726168284396,0.0056880474090576175,0.00019218410419601412,7,0.9,5,5,"{'model__regressor__max_depth': 7, 'model__regressor__max_features': 0.9, 'model__regressor__min_samples_leaf': 5, 'model__regressor__min_samples_split': 5}",-0.1877389441249712,-0.21240452184585862,-0.19992140106180292,-0.17758206978047167,-0.16784859697955198,-0.18909910675853128,0.015788228370463044,223,-0.11571570642525643,-0.1143326401970855,-0.11835925241724293,-0.112822894576357,-0.11667320887029727,-0.11558074049724783,0.0019023827122864043
0.037096929550170896,0.0018506144617002045,0.006741189956665039,0.002224173527185833,7,0.9,5,7,"{'model__regressor__max_depth': 7, 'model__regressor__max_features': 0.9, 'model__regressor__min_samples_leaf': 5, 'model__regressor__min_samples_split': 7}",-0.1877389441249712,-0.21240452184585862,-0.19992140106180292,-0.17758206978047167,-0.16784859697955198,-0.18909910675853128,0.015788228370463044,223,-0.11571570642525643,-0.1143326401970855,-0.11835925241724293,-0.112822894576357,-0.11667320887029727,-0.11558074049724783,0.0019023827122864043
0.038139629364013675,0.0005373878063815417,0.005849361419677734,0.00020313111828524028,7,0.9,5,10,"{'model__regressor__max_depth': 7, 'model__regressor__max_features': 0.9, 'model__regressor__min_samples_leaf': 5, 'model__regressor__min_samples_split': 10}",-0.1877389441249712,-0.21240452184585862,-0.19992140106180292,-0.17758206978047167,-0.16784859697955198,-0.18909910675853128,0.015788228370463044,223,-0.11571570642525643,-0.1143326401970855,-0.11835925241724293,-0.112822894576357,-0.11667320887029727,-0.11558074049724783,0.0019023827122864043
0.037491798400878906,0.0016434416685703914,0.006626558303833008,0.00162528698121666,7,0.9,7,2,"{'model__regressor__max_depth': 7, 'model__regressor__max_features': 0.9, 'model__regressor__min_samples_leaf': 7, 'model__regressor__min_samples_split': 2}",-0.18764176482615497,-0.19892206445233818,-0.18489104803915568,-0.1790420818776078,-0.1696434374076886,-0.18402807932058907,0.009668633042068699,86,-0.12353263216844561,-0.11912665294116083,-0.1248624022176432,-0.11833192218671647,-0.1258253676860394,-0.1223357954400011,0.0030437763068245503
0.03572230339050293,0.001313312146631733,0.006869173049926758,0.0014525001992284515,7,0.9,7,3,"{'model__regressor__max_depth': 7, 'model__regressor__max_features': 0.9, 'model__regressor__min_samples_leaf': 7, 'model__regressor__min_samples_split': 3}",-0.18764176482615497,-0.19892206445233818,-0.18489104803915568,-0.1790420818776078,-0.1696434374076886,-0.18402807932058907,0.009668633042068699,86,-0.12353263216844561,-0.11912665294116083,-0.1248624022176432,-0.11833192218671647,-0.1258253676860394,-0.1223357954400011,0.0030437763068245503
0.036954832077026364,0.001363104797312009,0.006733894348144531,0.0013634789378983122,7,0.9,7,5,"{'model__regressor__max_depth': 7, 'model__regressor__max_features': 0.9, 'model__regressor__min_samples_leaf': 7, 'model__regressor__min_samples_split': 5}",-0.18764176482615497,-0.19892206445233818,-0.18489104803915568,-0.1790420818776078,-0.1696434374076886,-0.18402807932058907,0.009668633042068699,86,-0.12353263216844561,-0.11912665294116083,-0.1248624022176432,-0.11833192218671647,-0.1258253676860394,-0.1223357954400011,0.0030437763068245503
0.03438987731933594,0.0015076462340294753,0.00679936408996582,0.0015132917875837009,7,0.9,7,7,"{'model__regressor__max_depth': 7, 'model__regressor__max_features': 0.9, 'model__regressor__min_samples_leaf': 7, 'model__regressor__min_samples_split': 7}",-0.18764176482615497,-0.19892206445233818,-0.18489104803915568,-0.1790420818776078,-0.1696434374076886,-0.18402807932058907,0.009668633042068699,86,-0.12353263216844561,-0.11912665294116083,-0.1248624022176432,-0.11833192218671647,-0.1258253676860394,-0.1223357954400011,0.0030437763068245503
0.03630185127258301,0.0011713950513422455,0.00610198974609375,0.000556714633755557,7,0.9,7,10,"{'model__regressor__max_depth': 7, 'model__regressor__max_features': 0.9, 'model__regressor__min_samples_leaf': 7, 'model__regressor__min_samples_split': 10}",-0.18764176482615497,-0.19892206445233818,-0.18489104803915568,-0.1790420818776078,-0.1696434374076886,-0.18402807932058907,0.009668633042068699,86,-0.12353263216844561,-0.11912665294116083,-0.1248624022176432,-0.11833192218671647,-0.1258253676860394,-0.1223357954400011,0.0030437763068245503
0.03667316436767578,0.0011000992215586592,0.005767965316772461,0.00013614135942337937,7,0.9,10,2,"{'model__regressor__max_depth': 7, 'model__regressor__max_features': 0.9, 'model__regressor__min_samples_leaf': 10, 'model__regressor__min_samples_split': 2}",-0.17530123458511554,-0.20590988343982572,-0.1801242133514207,-0.18780389677307513,-0.16801958281740453,-0.18343176219336832,0.012953471559399209,66,-0.13186378489083428,-0.12916311675509876,-0.12866231256350377,-0.1297138703445134,-0.13038110125238347,-0.12995683716126674,0.0011118694665956067
0.03458671569824219,0.0008657451215937544,0.006626701354980469,0.0014043334748707183,7,0.9,10,3,"{'model__regressor__max_depth': 7, 'model__regressor__max_features': 0.9, 'model__regressor__min_samples_leaf': 10, 'model__regressor__min_samples_split': 3}",-0.17530123458511554,-0.20590988343982572,-0.1801242133514207,-0.18780389677307513,-0.16801958281740453,-0.18343176219336832,0.012953471559399209,66,-0.13186378489083428,-0.12916311675509876,-0.12866231256350377,-0.1297138703445134,-0.13038110125238347,-0.12995683716126674,0.0011118694665956067
0.035460805892944335,0.002482402492265286,0.007130241394042969,0.0017251379417901292,7,0.9,10,5,"{'model__regressor__max_depth': 7, 'model__regressor__max_features': 0.9, 'model__regressor__min_samples_leaf': 10, 'model__regressor__min_samples_split': 5}",-0.17530123458511554,-0.20590988343982572,-0.1801242133514207,-0.18780389677307513,-0.16801958281740453,-0.18343176219336832,0.012953471559399209,66,-0.13186378489083428,-0.12916311675509876,-0.12866231256350377,-0.1297138703445134,-0.13038110125238347,-0.12995683716126674,0.0011118694665956067
0.03439626693725586,0.0020181086305235247,0.006282138824462891,0.0012334219067737168,7,0.9,10,7,"{'model__regressor__max_depth': 7, 'model__regressor__max_features': 0.9, 'model__regressor__min_samples_leaf': 10, 'model__regressor__min_samples_split': 7}",-0.17530123458511554,-0.20590988343982572,-0.1801242133514207,-0.18780389677307513,-0.16801958281740453,-0.18343176219336832,0.012953471559399209,66,-0.13186378489083428,-0.12916311675509876,-0.12866231256350377,-0.1297138703445134,-0.13038110125238347,-0.12995683716126674,0.0011118694665956067
0.034793949127197264,0.001966020239121015,0.006501245498657227,0.0008210962849742565,7,0.9,10,10,"{'model__regressor__max_depth': 7, 'model__regressor__max_features': 0.9, 'model__regressor__min_samples_leaf': 10, 'model__regressor__min_samples_split': 10}",-0.17530123458511554,-0.20590988343982572,-0.1801242133514207,-0.18780389677307513,-0.16801958281740453,-0.18343176219336832,0.012953471559399209,66,-0.13186378489083428,-0.12916311675509876,-0.12866231256350377,-0.1297138703445134,-0.13038110125238347,-0.12995683716126674,0.0011118694665956067
0.03675365447998047,0.0022535695493868793,0.005607891082763672,0.00023183793209532723,7,0.8,1,2,"{'model__regressor__max_depth': 7, 'model__regressor__max_features': 0.8, 'model__regressor__min_samples_leaf': 1, 'model__regressor__min_samples_split': 2}",-0.1851514806599499,-0.22683547204090204,-0.19134145991953747,-0.17825587345526728,-0.18404299941759486,-0.1931254570986503,0.01735930648869703,366,-0.09882813307745868,-0.10279879754115509,-0.10998283400457012,-0.10383486690486833,-0.10264815783757066,-0.10361855787312457,0.0036086743612663607
0.03480720520019531,0.002109995066088594,0.00604853630065918,0.0006823750258742896,7,0.8,1,3,"{'model__regressor__max_depth': 7, 'model__regressor__max_features': 0.8, 'model__regressor__min_samples_leaf': 1, 'model__regressor__min_samples_split': 3}",-0.1993004433182871,-0.22621586233159835,-0.19177587232349408,-0.18015559667955602,-0.18189791671559596,-0.1958691382737063,0.016682702195692845,421,-0.10016627024389264,-0.09862107186663821,-0.10846743321667153,-0.10618253228778907,-0.10152946045869546,-0.10299335361473738,0.0037252822534603633
0.037560653686523435,0.0022246341093706073,0.007099962234497071,0.0015980830715491793,7,0.8,1,5,"{'model__regressor__max_depth': 7, 'model__regressor__max_features': 0.8, 'model__regressor__min_samples_leaf': 1, 'model__regressor__min_samples_split': 5}",-0.1943886398804259,-0.20679541916706132,-0.20173503087364372,-0.17678746676371626,-0.18986019308892865,-0.19391334995475518,0.010364132918417255,388,-0.1026178688128966,-0.1039135297303852,-0.10990421443360043,-0.1038581495198969,-0.10662785063999358,-0.10538432262735453,0.0026123356088228033
0.03419747352600098,0.0010721557331000236,0.006584262847900391,0.0016080225764293406,7,0.8,1,7,"{'model__regressor__max_depth': 7, 'model__regressor__max_features': 0.8, 'model__regressor__min_samples_leaf': 1, 'model__regressor__min_samples_split': 7}",-0.17600603487326927,-0.20854746991229062,-0.1912145271638061,-0.1808052048095073,-0.20206231638485456,-0.19172711062874556,0.012299950860803578,326,-0.10178086740625514,-0.10624261206375842,-0.11298022273543758,-0.10745851402974588,-0.10880404544270329,-0.10745325233558005,0.003633556719215132
0.03593883514404297,0.002382884235835428,0.006113004684448242,0.0004134779911620226,7,0.8,1,10,"{'model__regressor__max_depth': 7, 'model__regressor__max_features': 0.8, 'model__regressor__min_samples_leaf': 1, 'model__regressor__min_samples_split': 10}",-0.1832979706662197,-0.19803966389836417,-0.19191601121491975,-0.1897315303160739,-0.19457769622812865,-0.19151257446474124,0.00495605615255688,302,-0.10542440337007992,-0.10769028888608725,-0.11302764694515874,-0.11174860568311777,-0.11558396179524104,-0.11069498133593696,0.0036677173242559693
0.03621792793273926,0.0009080688957753671,0.006163835525512695,0.000614983281030328,7,0.8,3,2,"{'model__regressor__max_depth': 7, 'model__regressor__max_features': 0.8, 'model__regressor__min_samples_leaf': 3, 'model__regressor__min_samples_split': 2}",-0.17650572681280227,-0.20702784901620255,-0.1896200713967802,-0.17512133033039753,-0.19908883526837975,-0.18947276256491247,0.012448126267201518,238,-0.10690615949552419,-0.10533566589343853,-0.1159950980578846,-0.11410437925045683,-0.11081253058040763,-0.11063076665554235,0.004069050615447716
0.0363105297088623,0.0013246608484014967,0.006557750701904297,0.0010102377119177684,7,0.8,3,3,"{'model__regressor__max_depth': 7, 'model__regressor__max_features': 0.8, 'model__regressor__min_samples_leaf': 3, 'model__regressor__min_samples_split': 3}",-0.17650572681280227,-0.20702784901620255,-0.1896200713967802,-0.17512133033039753,-0.19908883526837975,-0.18947276256491247,0.012448126267201518,238,-0.10690615949552419,-0.10533566589343853,-0.1159950980578846,-0.11410437925045683,-0.11081253058040763,-0.11063076665554235,0.004069050615447716
0.03576440811157226,0.0007056518857854861,0.005803394317626953,0.00011419333060775405,7,0.8,3,5,"{'model__regressor__max_depth': 7, 'model__regressor__max_features': 0.8, 'model__regressor__min_samples_leaf': 3, 'model__regressor__min_samples_split': 5}",-0.17650572681280227,-0.20702784901620255,-0.1896200713967802,-0.17512133033039753,-0.19908883526837975,-0.18947276256491247,0.012448126267201518,238,-0.10690615949552419,-0.10533566589343853,-0.1159950980578846,-0.11410437925045683,-0.11081253058040763,-0.11063076665554235,0.004069050615447716
0.03713159561157227,0.002701734147356672,0.006823110580444336,0.0012003648379826915,7,0.8,3,7,"{'model__regressor__max_depth': 7, 'model__regressor__max_features': 0.8, 'model__regressor__min_samples_leaf': 3, 'model__regressor__min_samples_split': 7}",-0.17055794499863594,-0.20637020521273136,-0.19756188258285848,-0.1816803490077283,-0.2072980630831211,-0.19269368897701505,0.014389711373869341,352,-0.10635733541309898,-0.10591382655810706,-0.11677782415658979,-0.11633987554631811,-0.11075836100276015,-0.11122944453537482,0.004671534715980192
0.034931182861328125,0.0022356926659992944,0.006396818161010742,0.0012546349291610854,7,0.8,3,10,"{'model__regressor__max_depth': 7, 'model__regressor__max_features': 0.8, 'model__regressor__min_samples_leaf': 3, 'model__regressor__min_samples_split': 10}",-0.18835676979503507,-0.2075336980750651,-0.1934675537115852,-0.19684877873328596,-0.18594918956658082,-0.19443119797631042,0.0075801314001209584,400,-0.11098870681842073,-0.11329630747390876,-0.12179503845023706,-0.11461750171234969,-0.11339863554781865,-0.11481923800054698,0.003680024111300845
0.035170698165893556,0.0006920077568664206,0.006891918182373047,0.0010618563049667729,7,0.8,5,2,"{'model__regressor__max_depth': 7, 'model__regressor__max_features': 0.8, 'model__regressor__min_samples_leaf': 5, 'model__regressor__min_samples_split': 2}",-0.17190391685230497,-0.20390204889428099,-0.19749921459649838,-0.1812403155004361,-0.1868510957197756,-0.1882793183126592,0.011391377016531161,187,-0.11677908775331519,-0.11730289968020559,-0.12321149980064472,-0.12070160024963966,-0.1214734903781443,-0.11989371557238988,0.0024726217548358092
0.034099578857421875,0.0008330837670818528,0.006674432754516601,0.001329191747563324,7,0.8,5,3,"{'model__regressor__max_depth': 7, 'model__regressor__max_features': 0.8, 'model__regressor__min_samples_leaf': 5, 'model__regressor__min_samples_split': 3}",-0.17190391685230497,-0.20390204889428099,-0.19749921459649838,-0.1812403155004361,-0.1868510957197756,-0.1882793183126592,0.011391377016531161,187,-0.11677908775331519,-0.11730289968020559,-0.12321149980064472,-0.12070160024963966,-0.1214734903781443,-0.11989371557238988,0.0024726217548358092
0.0330078125,0.0006450278553560497,0.006989955902099609,0.001160670834222163,7,0.8,5,5,"{'model__regressor__max_depth': 7, 'model__regressor__max_features': 0.8, 'model__regressor__min_samples_leaf': 5, 'model__regressor__min_samples_split': 5}",-0.17190391685230497,-0.20390204889428099,-0.19749921459649838,-0.1812403155004361,-0.1868510957197756,-0.1882793183126592,0.011391377016531161,187,-0.11677908775331519,-0.11730289968020559,-0.12321149980064472,-0.12070160024963966,-0.1214734903781443,-0.11989371557238988,0.0024726217548358092
0.0329401969909668,0.0015932889374155738,0.006009817123413086,0.0005392393703888207,7,0.8,5,7,"{'model__regressor__max_depth': 7, 'model__regressor__max_features': 0.8, 'model__regressor__min_samples_leaf': 5, 'model__regressor__min_samples_split': 7}",-0.17190391685230497,-0.20390204889428099,-0.19749921459649838,-0.1812403155004361,-0.1868510957197756,-0.1882793183126592,0.011391377016531161,187,-0.11677908775331519,-0.11730289968020559,-0.12321149980064472,-0.12070160024963966,-0.1214734903781443,-0.11989371557238988,0.0024726217548358092
0.0344635009765625,0.0012951733463154721,0.005700588226318359,0.00014830540203214135,7,0.8,5,10,"{'model__regressor__max_depth': 7, 'model__regressor__max_features': 0.8, 'model__regressor__min_samples_leaf': 5, 'model__regressor__min_samples_split': 10}",-0.17190391685230497,-0.20390204889428099,-0.19749921459649838,-0.1812403155004361,-0.1868510957197756,-0.1882793183126592,0.011391377016531161,187,-0.11677908775331519,-0.11730289968020559,-0.12321149980064472,-0.12070160024963966,-0.1214734903781443,-0.11989371557238988,0.0024726217548358092
0.03455662727355957,0.0025726105208252062,0.00543055534362793,0.00015233022571234608,7,0.8,7,2,"{'model__regressor__max_depth': 7, 'model__regressor__max_features': 0.8, 'model__regressor__min_samples_leaf': 7, 'model__regressor__min_samples_split': 2}",-0.18744216373933126,-0.19841685648233107,-0.18412401150250926,-0.1782652568783918,-0.18336613920679598,-0.18632288556187188,0.006723387426014997,160,-0.1191745972175155,-0.12039579660777938,-0.129080909250992,-0.12366892546230165,-0.12250565124016174,-0.12296517595575007,0.0034374065071001744
0.03549871444702148,0.0012114913159134608,0.005570840835571289,0.00011837806822067603,7,0.8,7,3,"{'model__regressor__max_depth': 7, 'model__regressor__max_features': 0.8, 'model__regressor__min_samples_leaf': 7, 'model__regressor__min_samples_split': 3}",-0.18744216373933126,-0.19841685648233107,-0.18412401150250926,-0.1782652568783918,-0.18336613920679598,-0.18632288556187188,0.006723387426014997,160,-0.1191745972175155,-0.12039579660777938,-0.129080909250992,-0.12366892546230165,-0.12250565124016174,-0.12296517595575007,0.0034374065071001744
0.03523011207580566,0.0005859374805974461,0.0056365013122558595,0.00016255401802662056,7,0.8,7,5,"{'model__regressor__max_depth': 7, 'model__regressor__max_features': 0.8, 'model__regressor__min_samples_leaf': 7, 'model__regressor__min_samples_split': 5}",-0.18744216373933126,-0.19841685648233107,-0.18412401150250926,-0.1782652568783918,-0.18336613920679598,-0.18632288556187188,0.006723387426014997,160,-0.1191745972175155,-0.12039579660777938,-0.129080909250992,-0.12366892546230165,-0.12250565124016174,-0.12296517595575007,0.0034374065071001744
0.03451089859008789,0.0016925873682679614,0.005879640579223633,0.0002187209475086175,7,0.8,7,7,"{'model__regressor__max_depth': 7, 'model__regressor__max_features': 0.8, 'model__regressor__min_samples_leaf': 7, 'model__regressor__min_samples_split': 7}",-0.18744216373933126,-0.19841685648233107,-0.18412401150250926,-0.1782652568783918,-0.18336613920679598,-0.18632288556187188,0.006723387426014997,160,-0.1191745972175155,-0.12039579660777938,-0.129080909250992,-0.12366892546230165,-0.12250565124016174,-0.12296517595575007,0.0034374065071001744
0.033640384674072266,0.0006848333373638573,0.005813694000244141,0.00015101046597908838,7,0.8,7,10,"{'model__regressor__max_depth': 7, 'model__regressor__max_features': 0.8, 'model__regressor__min_samples_leaf': 7, 'model__regressor__min_samples_split': 10}",-0.18744216373933126,-0.19841685648233107,-0.18412401150250926,-0.1782652568783918,-0.18336613920679598,-0.18632288556187188,0.006723387426014997,160,-0.1191745972175155,-0.12039579660777938,-0.129080909250992,-0.12366892546230165,-0.12250565124016174,-0.12296517595575007,0.0034374065071001744
0.03202919960021973,0.0007165856300275311,0.008524656295776367,0.0012546828772742296,7,0.8,10,2,"{'model__regressor__max_depth': 7, 'model__regressor__max_features': 0.8, 'model__regressor__min_samples_leaf': 10, 'model__regressor__min_samples_split': 2}",-0.18572919957469197,-0.1916032839460336,-0.18532193373738343,-0.16627986053418067,-0.1728375390483558,-0.1803543633681291,0.009324141908680214,21,-0.12824443071370462,-0.12966854255575996,-0.13422311211908644,-0.13295295136027602,-0.1318434643094165,-0.13138650021164872,0.0021694668348900604
0.03228940963745117,0.0012521119167528472,0.0058097362518310545,0.00023074402840277068,7,0.8,10,3,"{'model__regressor__max_depth': 7, 'model__regressor__max_features': 0.8, 'model__regressor__min_samples_leaf': 10, 'model__regressor__min_samples_split': 3}",-0.18572919957469197,-0.1916032839460336,-0.18532193373738343,-0.16627986053418067,-0.1728375390483558,-0.1803543633681291,0.009324141908680214,21,-0.12824443071370462,-0.12966854255575996,-0.13422311211908644,-0.13295295136027602,-0.1318434643094165,-0.13138650021164872,0.0021694668348900604
0.03179769515991211,0.0010376796247383098,0.007098674774169922,0.0013141360698799035,7,0.8,10,5,"{'model__regressor__max_depth': 7, 'model__regressor__max_features': 0.8, 'model__regressor__min_samples_leaf': 10, 'model__regressor__min_samples_split': 5}",-0.18572919957469197,-0.1916032839460336,-0.18532193373738343,-0.16627986053418067,-0.1728375390483558,-0.1803543633681291,0.009324141908680214,21,-0.12824443071370462,-0.12966854255575996,-0.13422311211908644,-0.13295295136027602,-0.1318434643094165,-0.13138650021164872,0.0021694668348900604
0.03209223747253418,0.0007781693538511606,0.00747385025024414,0.0018549906638128837,7,0.8,10,7,"{'model__regressor__max_depth': 7, 'model__regressor__max_features': 0.8, 'model__regressor__min_samples_leaf': 10, 'model__regressor__min_samples_split': 7}",-0.18572919957469197,-0.1916032839460336,-0.18532193373738343,-0.16627986053418067,-0.1728375390483558,-0.1803543633681291,0.009324141908680214,21,-0.12824443071370462,-0.12966854255575996,-0.13422311211908644,-0.13295295136027602,-0.1318434643094165,-0.13138650021164872,0.0021694668348900604
0.03414344787597656,0.001707617258654364,0.0054550647735595705,0.00019143983972490374,7,0.8,10,10,"{'model__regressor__max_depth': 7, 'model__regressor__max_features': 0.8, 'model__regressor__min_samples_leaf': 10, 'model__regressor__min_samples_split': 10}",-0.18572919957469197,-0.1916032839460336,-0.18532193373738343,-0.16627986053418067,-0.1728375390483558,-0.1803543633681291,0.009324141908680214,21,-0.12824443071370462,-0.12966854255575996,-0.13422311211908644,-0.13295295136027602,-0.1318434643094165,-0.13138650021164872,0.0021694668348900604
0.033490562438964845,0.0019645909578995323,0.0056915760040283205,0.00014288283619016867,7,0.7,1,2,"{'model__regressor__max_depth': 7, 'model__regressor__max_features': 0.7, 'model__regressor__min_samples_leaf': 1, 'model__regressor__min_samples_split': 2}",-0.18514009207324078,-0.18957282946357243,-0.19340911126379876,-0.1788400470686096,-0.18866918811893485,-0.1871262535976313,0.004908089997152175,170,-0.10579761910394299,-0.10328437068666467,-0.114667634531792,-0.10922057699553665,-0.10695366165972953,-0.10798477259553318,0.0038504146383673736
0.03402128219604492,0.0018262876144583844,0.005841588973999024,0.0001808548235133872,7,0.7,1,3,"{'model__regressor__max_depth': 7, 'model__regressor__max_features': 0.7, 'model__regressor__min_samples_leaf': 1, 'model__regressor__min_samples_split': 3}",-0.18860657208894108,-0.18366258453711484,-0.21396411859091463,-0.2307230191195638,-0.20751695728553873,-0.20489465032441462,0.017160061149394425,482,-0.10112600412593319,-0.10361897201491403,-0.11744595918554442,-0.11172664004813178,-0.10311200330989355,-0.10740591573688338,0.006191721045883481
0.03385958671569824,0.0021218832290411326,0.005753612518310547,0.00016124801091832274,7,0.7,1,5,"{'model__regressor__max_depth': 7, 'model__regressor__max_features': 0.7, 'model__regressor__min_samples_leaf': 1, 'model__regressor__min_samples_split': 5}",-0.18826514764349114,-0.19297236997712147,-0.19557582387921385,-0.19544662108232794,-0.18727732302692085,-0.19190745712181503,0.0035162820042814722,328,-0.10514365270085199,-0.10879748007297407,-0.11382539468965248,-0.10607568943787254,-0.10630164046491511,-0.10802877147325325,0.0031404832402652768
0.03301925659179687,0.0008622915097312254,0.005788040161132812,0.0001340437002427285,7,0.7,1,7,"{'model__regressor__max_depth': 7, 'model__regressor__max_features': 0.7, 'model__regressor__min_samples_leaf': 1, 'model__regressor__min_samples_split': 7}",-0.21261562799407122,-0.21645603593036594,-0.18481356424945544,-0.18365548113106508,-0.1901260358330162,-0.1975333490275948,0.014105315660141868,429,-0.1059317366656711,-0.10664069095001612,-0.1180282367877298,-0.11541777996724936,-0.10452380524285385,-0.11010844992270405,0.0055058251267844985
0.03342833518981934,0.0006233014190468097,0.005733489990234375,0.00012030507948032007,7,0.7,1,10,"{'model__regressor__max_depth': 7, 'model__regressor__max_features': 0.7, 'model__regressor__min_samples_leaf': 1, 'model__regressor__min_samples_split': 10}",-0.1845158376412824,-0.20310774277135352,-0.20413166395193336,-0.17837246117414793,-0.1959236053932749,-0.19321026218639842,0.01020149721229147,368,-0.10566067176068847,-0.10794508246448478,-0.11853762378053441,-0.11651845860674458,-0.11141369959295869,-0.11201510724108218,0.004901612768178773
0.03158259391784668,0.0007078569318004941,0.005622100830078125,5.0408566780487394e-05,7,0.7,3,2,"{'model__regressor__max_depth': 7, 'model__regressor__max_features': 0.7, 'model__regressor__min_samples_leaf': 3, 'model__regressor__min_samples_split': 2}",-0.19196573505867842,-0.1855232788711733,-0.19442565862573552,-0.19470022046166116,-0.19451615248786783,-0.19222620910102323,0.0034985503149804,341,-0.11244187463236852,-0.10936844870526502,-0.12292571366360484,-0.1176644497911843,-0.1108076165493234,-0.11464162066834922,0.005002169637660847
0.03357443809509277,0.000638381701803385,0.005742597579956055,9.830728626787385e-05,7,0.7,3,3,"{'model__regressor__max_depth': 7, 'model__regressor__max_features': 0.7, 'model__regressor__min_samples_leaf': 3, 'model__regressor__min_samples_split': 3}",-0.19196573505867842,-0.1855232788711733,-0.19442565862573552,-0.19470022046166116,-0.19451615248786783,-0.19222620910102323,0.0034985503149804,341,-0.11244187463236852,-0.10936844870526502,-0.12292571366360484,-0.1176644497911843,-0.1108076165493234,-0.11464162066834922,0.005002169637660847
0.03379998207092285,0.0011159674973630137,0.005909490585327149,0.00016884846190361858,7,0.7,3,5,"{'model__regressor__max_depth': 7, 'model__regressor__max_features': 0.7, 'model__regressor__min_samples_leaf': 3, 'model__regressor__min_samples_split': 5}",-0.19196573505867842,-0.1855232788711733,-0.19442565862573552,-0.19470022046166116,-0.19451615248786783,-0.19222620910102323,0.0034985503149804,341,-0.11244187463236852,-0.10936844870526502,-0.12292571366360484,-0.1176644497911843,-0.1108076165493234,-0.11464162066834922,0.005002169637660847
0.03321075439453125,0.0006670778863994156,0.005758523941040039,0.0002562351366584123,7,0.7,3,7,"{'model__regressor__max_depth': 7, 'model__regressor__max_features': 0.7, 'model__regressor__min_samples_leaf': 3, 'model__regressor__min_samples_split': 7}",-0.19406505972302132,-0.19000463857172858,-0.18319438420692138,-0.18298237242163917,-0.20658689255840657,-0.1913666694963434,0.008693380382826865,292,-0.11330422068690686,-0.10844068422714752,-0.12199321153163674,-0.1177712225740137,-0.11095518282079067,-0.11449290436809909,0.004848913055137373
0.03186721801757812,0.0003749523544198955,0.00802626609802246,0.001469195708864986,7,0.7,3,10,"{'model__regressor__max_depth': 7, 'model__regressor__max_features': 0.7, 'model__regressor__min_samples_leaf': 3, 'model__regressor__min_samples_split': 10}",-0.1757030304045746,-0.20020454121140946,-0.19837837507043285,-0.1836669064701219,-0.1898523483329733,-0.18956104029790244,0.00914220560194699,243,-0.11603630350629311,-0.11037365260385813,-0.12301429003130009,-0.12132726630359388,-0.1109516447839145,-0.11634063144579194,0.005179630785253137
0.03243727684020996,0.0021998089061536718,0.005591297149658203,0.0005903474652248352,7,0.7,5,2,"{'model__regressor__max_depth': 7, 'model__regressor__max_features': 0.7, 'model__regressor__min_samples_leaf': 5, 'model__regressor__min_samples_split': 2}",-0.17695412547553446,-0.19398546664848063,-0.18850163588536567,-0.18916585312825432,-0.1823373705601149,-0.18618889033955,0.005917985945421541,155,-0.11401811661068996,-0.11791153143677391,-0.12680408800228593,-0.12175973611256585,-0.11684634985324106,-0.11946796440311133,0.004428704424952653
0.03428206443786621,0.001599318521948532,0.006236553192138672,0.0009717614769246738,7,0.7,5,3,"{'model__regressor__max_depth': 7, 'model__regressor__max_features': 0.7, 'model__regressor__min_samples_leaf': 5, 'model__regressor__min_samples_split': 3}",-0.17695412547553446,-0.19398546664848063,-0.18850163588536567,-0.18916585312825432,-0.1823373705601149,-0.18618889033955,0.005917985945421541,155,-0.11401811661068996,-0.11791153143677391,-0.12680408800228593,-0.12175973611256585,-0.11684634985324106,-0.11946796440311133,0.004428704424952653
0.03275136947631836,0.001662586331383626,0.006039571762084961,0.0006532352746140962,7,0.7,5,5,"{'model__regressor__max_depth': 7, 'model__regressor__max_features': 0.7, 'model__regressor__min_samples_leaf': 5, 'model__regressor__min_samples_split': 5}",-0.17695412547553446,-0.19398546664848063,-0.18850163588536567,-0.18916585312825432,-0.1823373705601149,-0.18618889033955,0.005917985945421541,155,-0.11401811661068996,-0.11791153143677391,-0.12680408800228593,-0.12175973611256585,-0.11684634985324106,-0.11946796440311133,0.004428704424952653
0.032378768920898436,0.000721194260633913,0.00643763542175293,0.0017215424130185497,7,0.7,5,7,"{'model__regressor__max_depth': 7, 'model__regressor__max_features': 0.7, 'model__regressor__min_samples_leaf': 5, 'model__regressor__min_samples_split': 7}",-0.17695412547553446,-0.19398546664848063,-0.18850163588536567,-0.18916585312825432,-0.1823373705601149,-0.18618889033955,0.005917985945421541,155,-0.11401811661068996,-0.11791153143677391,-0.12680408800228593,-0.12175973611256585,-0.11684634985324106,-0.11946796440311133,0.004428704424952653
0.032128190994262694,0.001162771243937158,0.0075244903564453125,0.0013747454514474262,7,0.7,5,10,"{'model__regressor__max_depth': 7, 'model__regressor__max_features': 0.7, 'model__regressor__min_samples_leaf': 5, 'model__regressor__min_samples_split': 10}",-0.17695412547553446,-0.19398546664848063,-0.18850163588536567,-0.18916585312825432,-0.1823373705601149,-0.18618889033955,0.005917985945421541,155,-0.11401811661068996,-0.11791153143677391,-0.12680408800228593,-0.12175973611256585,-0.11684634985324106,-0.11946796440311133,0.004428704424952653
0.030759763717651368,0.0011286142988005468,0.0056572437286376955,0.00013200170321638256,7,0.7,7,2,"{'model__regressor__max_depth': 7, 'model__regressor__max_features': 0.7, 'model__regressor__min_samples_leaf': 7, 'model__regressor__min_samples_split': 2}",-0.18305811683736645,-0.19937114264352576,-0.17295218563935355,-0.17975721684559742,-0.1847101854239615,-0.18396976947796095,0.008691540427523197,76,-0.12434323135175421,-0.12246819391719241,-0.13249167483140936,-0.130354885393181,-0.12582021989739617,-0.12709564107818663,0.0037511486104686463
0.0333493709564209,0.0017733380151743025,0.005760908126831055,0.00011312834705811092,7,0.7,7,3,"{'model__regressor__max_depth': 7, 'model__regressor__max_features': 0.7, 'model__regressor__min_samples_leaf': 7, 'model__regressor__min_samples_split': 3}",-0.18305811683736645,-0.19937114264352576,-0.17295218563935355,-0.17975721684559742,-0.1847101854239615,-0.18396976947796095,0.008691540427523197,76,-0.12434323135175421,-0.12246819391719241,-0.13249167483140936,-0.130354885393181,-0.12582021989739617,-0.12709564107818663,0.0037511486104686463
0.03195595741271973,0.0014185703179976923,0.006085586547851562,0.0010792893697311782,7,0.7,7,5,"{'model__regressor__max_depth': 7, 'model__regressor__max_features': 0.7, 'model__regressor__min_samples_leaf': 7, 'model__regressor__min_samples_split': 5}",-0.18305811683736645,-0.19937114264352576,-0.17295218563935355,-0.17975721684559742,-0.1847101854239615,-0.18396976947796095,0.008691540427523197,76,-0.12434323135175421,-0.12246819391719241,-0.13249167483140936,-0.130354885393181,-0.12582021989739617,-0.12709564107818663,0.0037511486104686463
0.03270716667175293,0.002714666562878595,0.005610990524291992,0.00013998881632716506,7,0.7,7,7,"{'model__regressor__max_depth': 7, 'model__regressor__max_features': 0.7, 'model__regressor__min_samples_leaf': 7, 'model__regressor__min_samples_split': 7}",-0.18305811683736645,-0.19937114264352576,-0.17295218563935355,-0.17975721684559742,-0.1847101854239615,-0.18396976947796095,0.008691540427523197,76,-0.12434323135175421,-0.12246819391719241,-0.13249167483140936,-0.130354885393181,-0.12582021989739617,-0.12709564107818663,0.0037511486104686463
0.03317403793334961,0.0008861844051080216,0.005659914016723633,0.00017813723630626514,7,0.7,7,10,"{'model__regressor__max_depth': 7, 'model__regressor__max_features': 0.7, 'model__regressor__min_samples_leaf': 7, 'model__regressor__min_samples_split': 10}",-0.18305811683736645,-0.19937114264352576,-0.17295218563935355,-0.17975721684559742,-0.1847101854239615,-0.18396976947796095,0.008691540427523197,76,-0.12434323135175421,-0.12246819391719241,-0.13249167483140936,-0.130354885393181,-0.12582021989739617,-0.12709564107818663,0.0037511486104686463
0.031411170959472656,0.0010658790818393515,0.006195831298828125,0.0008680566772487942,7,0.7,10,2,"{'model__regressor__max_depth': 7, 'model__regressor__max_features': 0.7, 'model__regressor__min_samples_leaf': 10, 'model__regressor__min_samples_split': 2}",-0.18099137640521087,-0.1962079092077432,-0.18836213579877098,-0.17421714041015757,-0.17219561432482983,-0.18239483522934247,0.00893619813012757,56,-0.13354046215155596,-0.13155452038160914,-0.14111904867387884,-0.13875183351906384,-0.13626406592172216,-0.13624598612956598,0.0034454621588101047
0.03138298988342285,0.0026063937099253744,0.007223272323608398,0.0014156461387919612,7,0.7,10,3,"{'model__regressor__max_depth': 7, 'model__regressor__max_features': 0.7, 'model__regressor__min_samples_leaf': 10, 'model__regressor__min_samples_split': 3}",-0.18099137640521087,-0.1962079092077432,-0.18836213579877098,-0.17421714041015757,-0.17219561432482983,-0.18239483522934247,0.00893619813012757,56,-0.13354046215155596,-0.13155452038160914,-0.14111904867387884,-0.13875183351906384,-0.13626406592172216,-0.13624598612956598,0.0034454621588101047
0.032748174667358396,0.001896254595440862,0.006411361694335938,0.0008500558164957309,7,0.7,10,5,"{'model__regressor__max_depth': 7, 'model__regressor__max_features': 0.7, 'model__regressor__min_samples_leaf': 10, 'model__regressor__min_samples_split': 5}",-0.18099137640521087,-0.1962079092077432,-0.18836213579877098,-0.17421714041015757,-0.17219561432482983,-0.18239483522934247,0.00893619813012757,56,-0.13354046215155596,-0.13155452038160914,-0.14111904867387884,-0.13875183351906384,-0.13626406592172216,-0.13624598612956598,0.0034454621588101047
0.029470252990722656,0.00047185282150206156,0.006046819686889649,0.0006248414043107418,7,0.7,10,7,"{'model__regressor__max_depth': 7, 'model__regressor__max_features': 0.7, 'model__regressor__min_samples_leaf': 10, 'model__regressor__min_samples_split': 7}",-0.18099137640521087,-0.1962079092077432,-0.18836213579877098,-0.17421714041015757,-0.17219561432482983,-0.18239483522934247,0.00893619813012757,56,-0.13354046215155596,-0.13155452038160914,-0.14111904867387884,-0.13875183351906384,-0.13626406592172216,-0.13624598612956598,0.0034454621588101047
0.03139739036560059,0.0018940062945244191,0.005816030502319336,0.00016079111596186744,7,0.7,10,10,"{'model__regressor__max_depth': 7, 'model__regressor__max_features': 0.7, 'model__regressor__min_samples_leaf': 10, 'model__regressor__min_samples_split': 10}",-0.18099137640521087,-0.1962079092077432,-0.18836213579877098,-0.17421714041015757,-0.17219561432482983,-0.18239483522934247,0.00893619813012757,56,-0.13354046215155596,-0.13155452038160914,-0.14111904867387884,-0.13875183351906384,-0.13626406592172216,-0.13624598612956598,0.0034454621588101047
0.03013157844543457,0.0014163522532803497,0.0060368537902832035,0.00113361761699794,7,0.5,1,2,"{'model__regressor__max_depth': 7, 'model__regressor__max_features': 0.5, 'model__regressor__min_samples_leaf': 1, 'model__regressor__min_samples_split': 2}",-0.174862636207244,-0.20799742976257043,-0.18435007823416494,-0.18852500523757418,-0.19270560892227007,-0.18968815167276473,0.010899344557416351,250,-0.1093836855142974,-0.10563355956623553,-0.10901449000642523,-0.10886184771676437,-0.11129391817913427,-0.10883750019657137,0.0018237029069235113
0.02865257263183594,0.0012573792306805895,0.006993627548217774,0.0011435528730435885,7,0.5,1,3,"{'model__regressor__max_depth': 7, 'model__regressor__max_features': 0.5, 'model__regressor__min_samples_leaf': 1, 'model__regressor__min_samples_split': 3}",-0.18770458613332913,-0.19470379931535786,-0.19903037541301838,-0.1929373869270409,-0.19346632171532582,-0.1935684939008144,0.003630846113815744,384,-0.10417667533355918,-0.10844070932537969,-0.10896936820602571,-0.11457462786624442,-0.10681067826924148,-0.10859441180009011,0.0034241875460250515
0.03041071891784668,0.002304237894780844,0.006633377075195313,0.0008414698408952223,7,0.5,1,5,"{'model__regressor__max_depth': 7, 'model__regressor__max_features': 0.5, 'model__regressor__min_samples_leaf': 1, 'model__regressor__min_samples_split': 5}",-0.1821621959271516,-0.20586133976017998,-0.20569880654055112,-0.18162334717064188,-0.1829905009787597,-0.19166723807545688,0.011531424661514918,309,-0.11111059331769262,-0.10976095138750709,-0.10766760089186517,-0.11282779183880427,-0.10724384817398,-0.10972215712196982,0.0020946333141334036
0.029521417617797852,0.0021974592715438518,0.006180381774902344,0.00047324586791629657,7,0.5,1,7,"{'model__regressor__max_depth': 7, 'model__regressor__max_features': 0.5, 'model__regressor__min_samples_leaf': 1, 'model__regressor__min_samples_split': 7}",-0.18428166710483626,-0.2050222039448103,-0.19622990023267764,-0.185050044903715,-0.18630919431521198,-0.19137860210025023,0.008072161825341864,293,-0.11149443500144392,-0.10976612015486065,-0.11306777651877671,-0.1127796534889796,-0.11087763549767238,-0.11159712413234665,0.0012199982491472472
0.02952742576599121,0.001750443144541639,0.005685138702392578,0.00010750741847756296,7,0.5,1,10,"{'model__regressor__max_depth': 7, 'model__regressor__max_features': 0.5, 'model__regressor__min_samples_leaf': 1, 'model__regressor__min_samples_split': 10}",-0.1820455271942765,-0.20750635655255936,-0.18846567468485714,-0.17847900649511733,-0.1725276364194236,-0.18580484026924676,0.012017655895670798,151,-0.11451417866593959,-0.11502808717962838,-0.11310877328114999,-0.1159098212998358,-0.114917075246201,-0.11469558713455094,0.0009148622966931075
0.029395627975463866,0.0015740990259108486,0.005935382843017578,0.0004801211142186757,7,0.5,3,2,"{'model__regressor__max_depth': 7, 'model__regressor__max_features': 0.5, 'model__regressor__min_samples_leaf': 3, 'model__regressor__min_samples_split': 2}",-0.19960981061915506,-0.18785101662862713,-0.19323949308306376,-0.1788153512183583,-0.17102635543598319,-0.1861084053970375,0.010166945645010302,152,-0.11784958914376384,-0.12512903058676475,-0.11171845645053377,-0.11662324967728036,-0.11354956199118302,-0.11697397756990516,0.004620426813243223
0.03264222145080566,0.0014857741275099011,0.006449174880981445,0.0010455727592839645,7,0.5,3,3,"{'model__regressor__max_depth': 7, 'model__regressor__max_features': 0.5, 'model__regressor__min_samples_leaf': 3, 'model__regressor__min_samples_split': 3}",-0.19960981061915506,-0.18785101662862713,-0.19323949308306376,-0.1788153512183583,-0.17102635543598319,-0.1861084053970375,0.010166945645010302,152,-0.11784958914376384,-0.12512903058676475,-0.11171845645053377,-0.11662324967728036,-0.11354956199118302,-0.11697397756990516,0.004620426813243223
0.029504966735839844,0.0029548547563544815,0.0060079097747802734,0.0004842125797637845,7,0.5,3,5,"{'model__regressor__max_depth': 7, 'model__regressor__max_features': 0.5, 'model__regressor__min_samples_leaf': 3, 'model__regressor__min_samples_split': 5}",-0.19960981061915506,-0.18785101662862713,-0.19323949308306376,-0.1788153512183583,-0.17102635543598319,-0.1861084053970375,0.010166945645010302,152,-0.11784958914376384,-0.12512903058676475,-0.11171845645053377,-0.11662324967728036,-0.11354956199118302,-0.11697397756990516,0.004620426813243223
0.02937016487121582,0.0006995343575460317,0.006869459152221679,0.001333410573366359,7,0.5,3,7,"{'model__regressor__max_depth': 7, 'model__regressor__max_features': 0.5, 'model__regressor__min_samples_leaf': 3, 'model__regressor__min_samples_split': 7}",-0.20300872719127097,-0.18908815592283526,-0.19323949308306376,-0.18146371173184822,-0.16805281812852874,-0.1869705812115094,0.011740637774067593,167,-0.11396031424887669,-0.1185759297565015,-0.11171845645053377,-0.11564422681485619,-0.11626496248281026,-0.1152327779507157,0.002296997107171248
0.028746747970581056,0.0019507511038871328,0.006027078628540039,0.00028797548135670384,7,0.5,3,10,"{'model__regressor__max_depth': 7, 'model__regressor__max_features': 0.5, 'model__regressor__min_samples_leaf': 3, 'model__regressor__min_samples_split': 10}",-0.20210254701715796,-0.2018767327206313,-0.1823907183757577,-0.18466436667194766,-0.1816822912511011,-0.19054333120731914,0.00939794455288562,262,-0.12283174147227946,-0.1246350740520504,-0.11609584461670974,-0.1197577901571877,-0.11957501767604681,-0.12057909359485482,0.0029430470304197013
0.02804718017578125,0.0009060104844772375,0.006824874877929687,0.0012551895622312647,7,0.5,5,2,"{'model__regressor__max_depth': 7, 'model__regressor__max_features': 0.5, 'model__regressor__min_samples_leaf': 5, 'model__regressor__min_samples_split': 2}",-0.18985483074067297,-0.2108920988290309,-0.20328459815142066,-0.17088164333695227,-0.18262640599280405,-0.19150791541017614,0.014293311871625839,297,-0.12538672787899033,-0.12179768259640555,-0.12333249390050705,-0.12761925979827177,-0.12866351075702598,-0.12535993498624012,0.0025619929267540037
0.030478477478027344,0.0017761933369754425,0.005660724639892578,0.00019769448906156026,7,0.5,5,3,"{'model__regressor__max_depth': 7, 'model__regressor__max_features': 0.5, 'model__regressor__min_samples_leaf': 5, 'model__regressor__min_samples_split': 3}",-0.18985483074067297,-0.2108920988290309,-0.20328459815142066,-0.17088164333695227,-0.18262640599280405,-0.19150791541017614,0.014293311871625839,297,-0.12538672787899033,-0.12179768259640555,-0.12333249390050705,-0.12761925979827177,-0.12866351075702598,-0.12535993498624012,0.0025619929267540037
0.030546236038208007,0.0013315359938271282,0.005769205093383789,0.0001801480055454473,7,0.5,5,5,"{'model__regressor__max_depth': 7, 'model__regressor__max_features': 0.5, 'model__regressor__min_samples_leaf': 5, 'model__regressor__min_samples_split': 5}",-0.18985483074067297,-0.2108920988290309,-0.20328459815142066,-0.17088164333695227,-0.18262640599280405,-0.19150791541017614,0.014293311871625839,297,-0.12538672787899033,-0.12179768259640555,-0.12333249390050705,-0.12761925979827177,-0.12866351075702598,-0.12535993498624012,0.0025619929267540037
0.030295562744140626,0.0011920423439751606,0.006818008422851562,0.0015264745265047015,7,0.5,5,7,"{'model__regressor__max_depth': 7, 'model__regressor__max_features': 0.5, 'model__regressor__min_samples_leaf': 5, 'model__regressor__min_samples_split': 7}",-0.18985483074067297,-0.2108920988290309,-0.20328459815142066,-0.17088164333695227,-0.18262640599280405,-0.19150791541017614,0.014293311871625839,297,-0.12538672787899033,-0.12179768259640555,-0.12333249390050705,-0.12761925979827177,-0.12866351075702598,-0.12535993498624012,0.0025619929267540037
0.029375171661376952,0.002057456142479831,0.005820417404174804,7.476307891248164e-05,7,0.5,5,10,"{'model__regressor__max_depth': 7, 'model__regressor__max_features': 0.5, 'model__regressor__min_samples_leaf': 5, 'model__regressor__min_samples_split': 10}",-0.18985483074067297,-0.2108920988290309,-0.20328459815142066,-0.17088164333695227,-0.18262640599280405,-0.19150791541017614,0.014293311871625839,297,-0.12538672787899033,-0.12179768259640555,-0.12333249390050705,-0.12761925979827177,-0.12866351075702598,-0.12535993498624012,0.0025619929267540037
0.02945857048034668,0.0024709587960035566,0.006081771850585937,0.0005926019591080158,7,0.5,7,2,"{'model__regressor__max_depth': 7, 'model__regressor__max_features': 0.5, 'model__regressor__min_samples_leaf': 7, 'model__regressor__min_samples_split': 2}",-0.177226679233108,-0.19417669213321245,-0.19424426637594328,-0.18085980651051606,-0.16542942850387732,-0.18238737455133142,0.010918901659253228,51,-0.1254514494987571,-0.1315327986688931,-0.12890800472657873,-0.13096501270710934,-0.12533234860723252,-0.12843792284171415,0.002636248505205324
0.028628206253051756,0.0013856807217557177,0.0084869384765625,0.0016748283815906113,7,0.5,7,3,"{'model__regressor__max_depth': 7, 'model__regressor__max_features': 0.5, 'model__regressor__min_samples_leaf': 7, 'model__regressor__min_samples_split': 3}",-0.177226679233108,-0.19417669213321245,-0.19424426637594328,-0.18085980651051606,-0.16542942850387732,-0.18238737455133142,0.010918901659253228,51,-0.1254514494987571,-0.1315327986688931,-0.12890800472657873,-0.13096501270710934,-0.12533234860723252,-0.12843792284171415,0.002636248505205324
0.028586339950561524,0.0016987305483891879,0.005908823013305664,0.0003217460129516001,7,0.5,7,5,"{'model__regressor__max_depth': 7, 'model__regressor__max_features': 0.5, 'model__regressor__min_samples_leaf': 7, 'model__regressor__min_samples_split': 5}",-0.177226679233108,-0.19417669213321245,-0.19424426637594328,-0.18085980651051606,-0.16542942850387732,-0.18238737455133142,0.010918901659253228,51,-0.1254514494987571,-0.1315327986688931,-0.12890800472657873,-0.13096501270710934,-0.12533234860723252,-0.12843792284171415,0.002636248505205324
0.02871222496032715,0.001902482425832087,0.007510995864868164,0.0020095965268002447,7,0.5,7,7,"{'model__regressor__max_depth': 7, 'model__regressor__max_features': 0.5, 'model__regressor__min_samples_leaf': 7, 'model__regressor__min_samples_split': 7}",-0.177226679233108,-0.19417669213321245,-0.19424426637594328,-0.18085980651051606,-0.16542942850387732,-0.18238737455133142,0.010918901659253228,51,-0.1254514494987571,-0.1315327986688931,-0.12890800472657873,-0.13096501270710934,-0.12533234860723252,-0.12843792284171415,0.002636248505205324
0.02830338478088379,0.0013790840576489657,0.006471824645996094,0.0009722500981724311,7,0.5,7,10,"{'model__regressor__max_depth': 7, 'model__regressor__max_features': 0.5, 'model__regressor__min_samples_leaf': 7, 'model__regressor__min_samples_split': 10}",-0.177226679233108,-0.19417669213321245,-0.19424426637594328,-0.18085980651051606,-0.16542942850387732,-0.18238737455133142,0.010918901659253228,51,-0.1254514494987571,-0.1315327986688931,-0.12890800472657873,-0.13096501270710934,-0.12533234860723252,-0.12843792284171415,0.002636248505205324
0.028092622756958008,0.0009363183350635545,0.005614519119262695,0.000146678008682119,7,0.5,10,2,"{'model__regressor__max_depth': 7, 'model__regressor__max_features': 0.5, 'model__regressor__min_samples_leaf': 10, 'model__regressor__min_samples_split': 2}",-0.18193927177227914,-0.18606287113021747,-0.17797012674451188,-0.18661252472307305,-0.18368114240610325,-0.18325318735523696,0.0031304862104032613,61,-0.1341156180694874,-0.13581123828241276,-0.1375505321666044,-0.1407769788495889,-0.1415190950459731,-0.1379546924828133,0.002834307668190377
0.02893176078796387,0.00163713274910507,0.005732870101928711,4.2736847861691634e-05,7,0.5,10,3,"{'model__regressor__max_depth': 7, 'model__regressor__max_features': 0.5, 'model__regressor__min_samples_leaf': 10, 'model__regressor__min_samples_split': 3}",-0.18193927177227914,-0.18606287113021747,-0.17797012674451188,-0.18661252472307305,-0.18368114240610325,-0.18325318735523696,0.0031304862104032613,61,-0.1341156180694874,-0.13581123828241276,-0.1375505321666044,-0.1407769788495889,-0.1415190950459731,-0.1379546924828133,0.002834307668190377
0.030161619186401367,0.001827206690968655,0.005754518508911133,0.00013516675756634588,7,0.5,10,5,"{'model__regressor__max_depth': 7, 'model__regressor__max_features': 0.5, 'model__regressor__min_samples_leaf': 10, 'model__regressor__min_samples_split': 5}",-0.18193927177227914,-0.18606287113021747,-0.17797012674451188,-0.18661252472307305,-0.18368114240610325,-0.18325318735523696,0.0031304862104032613,61,-0.1341156180694874,-0.13581123828241276,-0.1375505321666044,-0.1407769788495889,-0.1415190950459731,-0.1379546924828133,0.002834307668190377
0.029671430587768555,0.0018875453181569756,0.006446933746337891,0.0010064074453723496,7,0.5,10,7,"{'model__regressor__max_depth': 7, 'model__regressor__max_features': 0.5, 'model__regressor__min_samples_leaf': 10, 'model__regressor__min_samples_split': 7}",-0.18193927177227914,-0.18606287113021747,-0.17797012674451188,-0.18661252472307305,-0.18368114240610325,-0.18325318735523696,0.0031304862104032613,61,-0.1341156180694874,-0.13581123828241276,-0.1375505321666044,-0.1407769788495889,-0.1415190950459731,-0.1379546924828133,0.002834307668190377
0.02842550277709961,0.0012276995328110458,0.006228828430175781,0.0008765536098097595,7,0.5,10,10,"{'model__regressor__max_depth': 7, 'model__regressor__max_features': 0.5, 'model__regressor__min_samples_leaf': 10, 'model__regressor__min_samples_split': 10}",-0.18193927177227914,-0.18606287113021747,-0.17797012674451188,-0.18661252472307305,-0.18368114240610325,-0.18325318735523696,0.0031304862104032613,61,-0.1341156180694874,-0.13581123828241276,-0.1375505321666044,-0.1407769788495889,-0.1415190950459731,-0.1379546924828133,0.002834307668190377
0.05708160400390625,0.0013838546048068761,0.006604814529418945,0.0009001561903942734,10,,1,2,"{'model__regressor__max_depth': 10, 'model__regressor__max_features': None, 'model__regressor__min_samples_leaf': 1, 'model__regressor__min_samples_split': 2}",-0.21878699858695524,-0.22984005812847091,-0.1867064934626817,-0.1966904179466962,-0.19387619999733585,-0.20518003362442797,0.016336390171415856,483,-0.048982014676460954,-0.04891127139876533,-0.056189288332678645,-0.052011553130441895,-0.053201660960751206,-0.0518591576998196,0.0027402027768512155
0.05320553779602051,0.0018996958774256333,0.0062617301940917965,0.00048505249690263105,10,,1,3,"{'model__regressor__max_depth': 10, 'model__regressor__max_features': None, 'model__regressor__min_samples_leaf': 1, 'model__regressor__min_samples_split': 3}",-0.22224297353456657,-0.22842494068360905,-0.18696848663234683,-0.1943700644834342,-0.2066857783032373,-0.2077384487274388,0.015808385920657288,494,-0.050801356948296086,-0.05075967628409999,-0.057624245423157465,-0.05412753319056937,-0.057106977218797234,-0.05408395781298403,0.0029495931117471813
0.05278315544128418,0.003909184890713634,0.0057847023010253905,0.0001878822150518077,10,,1,5,"{'model__regressor__max_depth': 10, 'model__regressor__max_features': None, 'model__regressor__min_samples_leaf': 1, 'model__regressor__min_samples_split': 5}",-0.20924436235555374,-0.23285128966329155,-0.18941993450480865,-0.19369338374087816,-0.20515981919310836,-0.2060737578915281,0.0152220085527876,486,-0.05717652184189185,-0.05903791134421883,-0.061764512974920416,-0.062462453034178834,-0.06411718867588533,-0.06091171757421905,0.0024847503855411576
0.05083541870117188,0.0015536014781130259,0.006597328186035156,0.0014118413284430103,10,,1,7,"{'model__regressor__max_depth': 10, 'model__regressor__max_features': None, 'model__regressor__min_samples_leaf': 1, 'model__regressor__min_samples_split': 7}",-0.20639680654651146,-0.22409627798144016,-0.2030423236602387,-0.1950098161947376,-0.20211728565287826,-0.20613250200716124,0.009717534753351619,487,-0.0623238889848066,-0.06591462567910789,-0.06568430085647185,-0.06756827740575026,-0.0683155306947859,-0.0659613247241845,0.0020704803527202983
0.046865415573120114,0.0010038046398370209,0.006970882415771484,0.0014069910732795261,10,,1,10,"{'model__regressor__max_depth': 10, 'model__regressor__max_features': None, 'model__regressor__min_samples_leaf': 1, 'model__regressor__min_samples_split': 10}",-0.2027018468883797,-0.2269487749031164,-0.2012577691483542,-0.19322097300997232,-0.19282636760014535,-0.2033911463099936,0.012450182897278962,479,-0.07037645715863454,-0.0708978661157042,-0.07303697483854693,-0.07482325157708374,-0.07614033863602644,-0.07305497766519917,0.0022124272367955995
0.04989581108093262,0.0008487530154739919,0.0059587955474853516,0.0004093817655664412,10,,3,2,"{'model__regressor__max_depth': 10, 'model__regressor__max_features': None, 'model__regressor__min_samples_leaf': 3, 'model__regressor__min_samples_split': 2}",-0.19143955995645584,-0.2204454076235289,-0.1917698540868569,-0.18729915663574845,-0.19887161568613776,-0.19796511879774556,0.011839865659453871,433,-0.07158253528960337,-0.07191818138820123,-0.07667888117460259,-0.07153116695278869,-0.07631150846652984,-0.07360445465434515,0.002366872878275497
0.04963979721069336,0.0010604277087134849,0.007050991058349609,0.0015025027249550365,10,,3,3,"{'model__regressor__max_depth': 10, 'model__regressor__max_features': None, 'model__regressor__min_samples_leaf': 3, 'model__regressor__min_samples_split': 3}",-0.19143955995645584,-0.2204454076235289,-0.1917698540868569,-0.18729915663574845,-0.19887161568613776,-0.19796511879774556,0.011839865659453871,433,-0.07158253528960337,-0.07191818138820123,-0.07667888117460259,-0.07153116695278869,-0.07631150846652984,-0.07360445465434515,0.002366872878275497
0.0500699520111084,0.00262630022160284,0.006576061248779297,0.0013464306629193707,10,,3,5,"{'model__regressor__max_depth': 10, 'model__regressor__max_features': None, 'model__regressor__min_samples_leaf': 3, 'model__regressor__min_samples_split': 5}",-0.19143955995645584,-0.2204454076235289,-0.1917698540868569,-0.18729915663574845,-0.19887161568613776,-0.19796511879774556,0.011839865659453871,433,-0.07158253528960337,-0.07191818138820123,-0.07667888117460259,-0.07153116695278869,-0.07631150846652984,-0.07360445465434515,0.002366872878275497
0.048731756210327146,0.0014325514664043483,0.006064081192016601,0.0004785685719405707,10,,3,7,"{'model__regressor__max_depth': 10, 'model__regressor__max_features': None, 'model__regressor__min_samples_leaf': 3, 'model__regressor__min_samples_split': 7}",-0.19294533110913484,-0.21814800337793347,-0.19616793011131084,-0.18508601228675842,-0.19774531877807447,-0.1980185191326424,0.010969798760065992,439,-0.07371882325712857,-0.07489294241274541,-0.07846838652186282,-0.07417223677033541,-0.08117361279705956,-0.07648520035182635,0.0028793112629786934
0.04591774940490723,0.000859483045464729,0.006233930587768555,0.0009414155933720078,10,,3,10,"{'model__regressor__max_depth': 10, 'model__regressor__max_features': None, 'model__regressor__min_samples_leaf': 3, 'model__regressor__min_samples_split': 10}",-0.1932285468469335,-0.21562708589607482,-0.19454184878997444,-0.18497782691594816,-0.1878958839174024,-0.19525423847326667,0.010764886009652646,413,-0.0825727038129635,-0.0808476146450879,-0.08889042628252841,-0.08489132011891591,-0.08704016680138456,-0.08484844633217606,0.0029095957416090633
0.045015811920166016,0.0008048150024398171,0.0075417041778564455,0.001377658071128093,10,,5,2,"{'model__regressor__max_depth': 10, 'model__regressor__max_features': None, 'model__regressor__min_samples_leaf': 5, 'model__regressor__min_samples_split': 2}",-0.1815969434480192,-0.20913103555019505,-0.20631290489491963,-0.1872977813278881,-0.18238666535487721,-0.19334506611517982,0.011933450970655745,376,-0.09314568800682117,-0.09340044077145238,-0.09333256403431017,-0.09300469820412544,-0.09550699322327473,-0.09367807684799677,0.0009250159652039266
0.04550380706787109,0.0012907371270513507,0.00630950927734375,0.0011177146088646017,10,,5,3,"{'model__regressor__max_depth': 10, 'model__regressor__max_features': None, 'model__regressor__min_samples_leaf': 5, 'model__regressor__min_samples_split': 3}",-0.1815969434480192,-0.20913103555019505,-0.20631290489491963,-0.1872977813278881,-0.18238666535487721,-0.19334506611517982,0.011933450970655745,376,-0.09314568800682117,-0.09340044077145238,-0.09333256403431017,-0.09300469820412544,-0.09550699322327473,-0.09367807684799677,0.0009250159652039266
0.04584035873413086,0.0008306156007752979,0.006126594543457031,0.0003984006673841262,10,,5,5,"{'model__regressor__max_depth': 10, 'model__regressor__max_features': None, 'model__regressor__min_samples_leaf': 5, 'model__regressor__min_samples_split': 5}",-0.1815969434480192,-0.20913103555019505,-0.20631290489491963,-0.1872977813278881,-0.18238666535487721,-0.19334506611517982,0.011933450970655745,376,-0.09314568800682117,-0.09340044077145238,-0.09333256403431017,-0.09300469820412544,-0.09550699322327473,-0.09367807684799677,0.0009250159652039266
0.04618439674377441,0.0014478377318383612,0.006508350372314453,0.0007273989322110525,10,,5,7,"{'model__regressor__max_depth': 10, 'model__regressor__max_features': None, 'model__regressor__min_samples_leaf': 5, 'model__regressor__min_samples_split': 7}",-0.1815969434480192,-0.20913103555019505,-0.20631290489491963,-0.1872977813278881,-0.18238666535487721,-0.19334506611517982,0.011933450970655745,376,-0.09314568800682117,-0.09340044077145238,-0.09333256403431017,-0.09300469820412544,-0.09550699322327473,-0.09367807684799677,0.0009250159652039266
0.04546828269958496,0.0002522581418835527,0.006365776062011719,0.0011170519921071972,10,,5,10,"{'model__regressor__max_depth': 10, 'model__regressor__max_features': None, 'model__regressor__min_samples_leaf': 5, 'model__regressor__min_samples_split': 10}",-0.1815969434480192,-0.20913103555019505,-0.20631290489491963,-0.1872977813278881,-0.18238666535487721,-0.19334506611517982,0.011933450970655745,376,-0.09314568800682117,-0.09340044077145238,-0.09333256403431017,-0.09300469820412544,-0.09550699322327473,-0.09367807684799677,0.0009250159652039266
0.041953086853027344,0.0011541450147463338,0.006271648406982422,0.00038285588901923765,10,,7,2,"{'model__regressor__max_depth': 10, 'model__regressor__max_features': None, 'model__regressor__min_samples_leaf': 7, 'model__regressor__min_samples_split': 2}",-0.17582476450169873,-0.20381347528975752,-0.18847075962087198,-0.18469644294520376,-0.16902202080176645,-0.1843654926318597,0.011862149378734518,111,-0.10811371170292175,-0.10539053302124055,-0.10807474610057935,-0.10836573393080323,-0.11117045979764961,-0.1082230369106389,0.0018311026494047603
0.04268083572387695,0.0011576685542841955,0.006412029266357422,0.0011634721227856068,10,,7,3,"{'model__regressor__max_depth': 10, 'model__regressor__max_features': None, 'model__regressor__min_samples_leaf': 7, 'model__regressor__min_samples_split': 3}",-0.17582476450169873,-0.20381347528975752,-0.18847075962087198,-0.18469644294520376,-0.16902202080176645,-0.1843654926318597,0.011862149378734518,111,-0.10811371170292175,-0.10539053302124055,-0.10807474610057935,-0.10836573393080323,-0.11117045979764961,-0.1082230369106389,0.0018311026494047603
0.04279460906982422,0.001024145999637304,0.005889034271240235,0.00010889029373380435,10,,7,5,"{'model__regressor__max_depth': 10, 'model__regressor__max_features': None, 'model__regressor__min_samples_leaf': 7, 'model__regressor__min_samples_split': 5}",-0.17582476450169873,-0.20381347528975752,-0.18847075962087198,-0.18469644294520376,-0.16902202080176645,-0.1843654926318597,0.011862149378734518,111,-0.10811371170292175,-0.10539053302124055,-0.10807474610057935,-0.10836573393080323,-0.11117045979764961,-0.1082230369106389,0.0018311026494047603
0.04277257919311524,0.0008968363539399013,0.006033802032470703,0.0006298735602837358,10,,7,7,"{'model__regressor__max_depth': 10, 'model__regressor__max_features': None, 'model__regressor__min_samples_leaf': 7, 'model__regressor__min_samples_split': 7}",-0.17582476450169873,-0.20381347528975752,-0.18847075962087198,-0.18469644294520376,-0.16902202080176645,-0.1843654926318597,0.011862149378734518,111,-0.10811371170292175,-0.10539053302124055,-0.10807474610057935,-0.10836573393080323,-0.11117045979764961,-0.1082230369106389,0.0018311026494047603
0.04391217231750488,0.0008060192893947077,0.006006622314453125,0.0004276536217694975,10,,7,10,"{'model__regressor__max_depth': 10, 'model__regressor__max_features': None, 'model__regressor__min_samples_leaf': 7, 'model__regressor__min_samples_split': 10}",-0.17582476450169873,-0.20381347528975752,-0.18847075962087198,-0.18469644294520376,-0.16902202080176645,-0.1843654926318597,0.011862149378734518,111,-0.10811371170292175,-0.10539053302124055,-0.10807474610057935,-0.10836573393080323,-0.11117045979764961,-0.1082230369106389,0.0018311026494047603
0.04006505012512207,0.0017502623799295622,0.006305789947509766,0.0010600913638277602,10,,10,2,"{'model__regressor__max_depth': 10, 'model__regressor__max_features': None, 'model__regressor__min_samples_leaf': 10, 'model__regressor__min_samples_split': 2}",-0.17953525708821996,-0.20499681627089344,-0.18319492625528422,-0.18475020845048654,-0.17036268884900974,-0.18456797938277877,0.01136991144880357,121,-0.12287381124147022,-0.12182378944238716,-0.12270734402199644,-0.12128965609504502,-0.12359936335761604,-0.12245879283170298,0.0008130226457694046
0.03818039894104004,0.0008385867830198167,0.0065612316131591795,0.0017643760032193595,10,,10,3,"{'model__regressor__max_depth': 10, 'model__regressor__max_features': None, 'model__regressor__min_samples_leaf': 10, 'model__regressor__min_samples_split': 3}",-0.17953525708821996,-0.20499681627089344,-0.18319492625528422,-0.18475020845048654,-0.17036268884900974,-0.18456797938277877,0.01136991144880357,121,-0.12287381124147022,-0.12182378944238716,-0.12270734402199644,-0.12128965609504502,-0.12359936335761604,-0.12245879283170298,0.0008130226457694046
0.04055719375610352,0.0011318083418683878,0.005742406845092774,0.00011911145964399083,10,,10,5,"{'model__regressor__max_depth': 10, 'model__regressor__max_features': None, 'model__regressor__min_samples_leaf': 10, 'model__regressor__min_samples_split': 5}",-0.17953525708821996,-0.20499681627089344,-0.18319492625528422,-0.18475020845048654,-0.17036268884900974,-0.18456797938277877,0.01136991144880357,121,-0.12287381124147022,-0.12182378944238716,-0.12270734402199644,-0.12128965609504502,-0.12359936335761604,-0.12245879283170298,0.0008130226457694046
0.04042692184448242,0.0006560218698978054,0.006135034561157227,0.0008022813513537162,10,,10,7,"{'model__regressor__max_depth': 10, 'model__regressor__max_features': None, 'model__regressor__min_samples_leaf': 10, 'model__regressor__min_samples_split': 7}",-0.17953525708821996,-0.20499681627089344,-0.18319492625528422,-0.18475020845048654,-0.17036268884900974,-0.18456797938277877,0.01136991144880357,121,-0.12287381124147022,-0.12182378944238716,-0.12270734402199644,-0.12128965609504502,-0.12359936335761604,-0.12245879283170298,0.0008130226457694046
0.038802051544189455,0.0008894497412574141,0.008165550231933594,0.0030760856340598464,10,,10,10,"{'model__regressor__max_depth': 10, 'model__regressor__max_features': None, 'model__regressor__min_samples_leaf': 10, 'model__regressor__min_samples_split': 10}",-0.17953525708821996,-0.20499681627089344,-0.18319492625528422,-0.18475020845048654,-0.17036268884900974,-0.18456797938277877,0.01136991144880357,121,-0.12287381124147022,-0.12182378944238716,-0.12270734402199644,-0.12128965609504502,-0.12359936335761604,-0.12245879283170298,0.0008130226457694046
0.05286750793457031,0.0010468866319180295,0.00631871223449707,0.0011623143521346225,10,0.9,1,2,"{'model__regressor__max_depth': 10, 'model__regressor__max_features': 0.9, 'model__regressor__min_samples_leaf': 1, 'model__regressor__min_samples_split': 2}",-0.21742741555115674,-0.2370844437625434,-0.19188867298880222,-0.18258885567131344,-0.18812698645627624,-0.20342327488601838,0.02064115670484632,480,-0.05155415236593442,-0.05172159331329684,-0.05738733324999936,-0.04762564952636849,-0.05165534577051807,-0.05198881484522344,0.0031161756371608676
0.05093593597412109,0.0020486060957657388,0.006518268585205078,0.0010687607768628865,10,0.9,1,3,"{'model__regressor__max_depth': 10, 'model__regressor__max_features': 0.9, 'model__regressor__min_samples_leaf': 1, 'model__regressor__min_samples_split': 3}",-0.21264276542027152,-0.21966462207334023,-0.19658184612685042,-0.1993919231842929,-0.18531806845711732,-0.20271984505237448,0.01214217229624835,475,-0.055517019753126375,-0.05108483443251137,-0.061739656957663355,-0.05496917059648388,-0.05165828803156888,-0.05499379395427077,0.003799647444435088
0.04922709465026855,0.0021299128139559663,0.005663871765136719,0.00021969068295540247,10,0.9,1,5,"{'model__regressor__max_depth': 10, 'model__regressor__max_features': 0.9, 'model__regressor__min_samples_leaf': 1, 'model__regressor__min_samples_split': 5}",-0.20836849078153527,-0.2223098510171333,-0.19677941409603186,-0.19229092684150592,-0.1871385547284252,-0.20137744749292633,0.01259756356911959,469,-0.06394006531922387,-0.05835712141141489,-0.058608923467842404,-0.06042860750866367,-0.06333730765950141,-0.060934405073329256,0.002328691533897702
0.04572477340698242,0.0012492731830457398,0.006953001022338867,0.0015310633099913954,10,0.9,1,7,"{'model__regressor__max_depth': 10, 'model__regressor__max_features': 0.9, 'model__regressor__min_samples_leaf': 1, 'model__regressor__min_samples_split': 7}",-0.18339627051432836,-0.215706097300444,-0.20234448390111634,-0.19238862679543836,-0.18990923169726873,-0.19674894204171917,0.01126740118896091,423,-0.0651811887091971,-0.06567191193851082,-0.06615054513062034,-0.062391166646447664,-0.06577340026208385,-0.06503364253737196,0.0013569487410689054
0.044299888610839847,0.0014689945820925748,0.007557535171508789,0.002199571309569149,10,0.9,1,10,"{'model__regressor__max_depth': 10, 'model__regressor__max_features': 0.9, 'model__regressor__min_samples_leaf': 1, 'model__regressor__min_samples_split': 10}",-0.1980042886539955,-0.22006985380362631,-0.21152705407842007,-0.18528779298923562,-0.1763879378771532,-0.19825538548048613,0.016114682652255945,447,-0.07104366484043728,-0.07397292814367255,-0.07354623925818216,-0.06923991696378347,-0.07457944153789202,-0.0724764381487935,0.002016655087373095
0.046040010452270505,0.0017058812074067418,0.006989097595214844,0.0015760219356964348,10,0.9,3,2,"{'model__regressor__max_depth': 10, 'model__regressor__max_features': 0.9, 'model__regressor__min_samples_leaf': 3, 'model__regressor__min_samples_split': 2}",-0.18409214004040472,-0.22032371651652188,-0.19699905854683306,-0.18884809835173927,-0.17614552196297692,-0.19328170708369516,0.015118484351206066,370,-0.07323547733183904,-0.07369968923788812,-0.07939037475646687,-0.07650524001182063,-0.07453574195277164,-0.07547330465815726,0.002255701015523763
0.046382999420166014,0.0007004868439300474,0.006029796600341797,0.0005141597657700878,10,0.9,3,3,"{'model__regressor__max_depth': 10, 'model__regressor__max_features': 0.9, 'model__regressor__min_samples_leaf': 3, 'model__regressor__min_samples_split': 3}",-0.18409214004040472,-0.22032371651652188,-0.19699905854683306,-0.18884809835173927,-0.17614552196297692,-0.19328170708369516,0.015118484351206066,370,-0.07323547733183904,-0.07369968923788812,-0.07939037475646687,-0.07650524001182063,-0.07453574195277164,-0.07547330465815726,0.002255701015523763
0.046917390823364255,0.0013383452441171288,0.0062046051025390625,0.0010225894095212882,10,0.9,3,5,"{'model__regressor__max_depth': 10, 'model__regressor__max_features': 0.9, 'model__regressor__min_samples_leaf': 3, 'model__regressor__min_samples_split': 5}",-0.18409214004040472,-0.22032371651652188,-0.19699905854683306,-0.18884809835173927,-0.17614552196297692,-0.19328170708369516,0.015118484351206066,370,-0.07323547733183904,-0.07369968923788812,-0.07939037475646687,-0.07650524001182063,-0.07453574195277164,-0.07547330465815726,0.002255701015523763
0.04433398246765137,0.0005928404685107724,0.00757303237915039,0.001294197588464422,10,0.9,3,7,"{'model__regressor__max_depth': 10, 'model__regressor__max_features': 0.9, 'model__regressor__min_samples_leaf': 3, 'model__regressor__min_samples_split': 7}",-0.1785326840966488,-0.22525991702455858,-0.19262900193452978,-0.18992904625639354,-0.17867809029144255,-0.19300574792071465,0.01711543633592685,358,-0.075526154022021,-0.07521401497336462,-0.08376520235978029,-0.0800748017371923,-0.082317472971339,-0.07937952921273944,0.0034799153898768024
0.042607879638671874,0.0018037651763707046,0.007123422622680664,0.0012641850442881874,10,0.9,3,10,"{'model__regressor__max_depth': 10, 'model__regressor__max_features': 0.9, 'model__regressor__min_samples_leaf': 3, 'model__regressor__min_samples_split': 10}",-0.19192776047447263,-0.21503266299148704,-0.18821537655431336,-0.17422980498892415,-0.17448138479811354,-0.18877739796146215,0.014937121861212736,216,-0.08134567165140019,-0.08497048801198964,-0.08460567424037294,-0.08569836840638281,-0.08961032875418443,-0.08524610621286599,0.0026438792617727138
0.042316007614135745,0.0011125053024172431,0.007732009887695313,0.0017404544817254462,10,0.9,5,2,"{'model__regressor__max_depth': 10, 'model__regressor__max_features': 0.9, 'model__regressor__min_samples_leaf': 5, 'model__regressor__min_samples_split': 2}",-0.1863515189129363,-0.206334720287314,-0.2123268849772016,-0.18383689275776857,-0.1696864089025405,-0.1917072851675522,0.015586379020349482,321,-0.09167567824277083,-0.0931220558880651,-0.09512417199800556,-0.0949791839187362,-0.09907056825810372,-0.0947943316611363,0.002488038176688324
0.04419631958007812,0.0008855125036236484,0.00615396499633789,0.0009108310516155432,10,0.9,5,3,"{'model__regressor__max_depth': 10, 'model__regressor__max_features': 0.9, 'model__regressor__min_samples_leaf': 5, 'model__regressor__min_samples_split': 3}",-0.1863515189129363,-0.206334720287314,-0.2123268849772016,-0.18383689275776857,-0.1696864089025405,-0.1917072851675522,0.015586379020349482,321,-0.09167567824277083,-0.0931220558880651,-0.09512417199800556,-0.0949791839187362,-0.09907056825810372,-0.0947943316611363,0.002488038176688324
0.04172110557556152,0.0010686815412482196,0.007965183258056641,0.0013704714755533893,10,0.9,5,5,"{'model__regressor__max_depth': 10, 'model__regressor__max_features': 0.9, 'model__regressor__min_samples_leaf': 5, 'model__regressor__min_samples_split': 5}",-0.1863515189129363,-0.206334720287314,-0.2123268849772016,-0.18383689275776857,-0.1696864089025405,-0.1917072851675522,0.015586379020349482,321,-0.09167567824277083,-0.0931220558880651,-0.09512417199800556,-0.0949791839187362,-0.09907056825810372,-0.0947943316611363,0.002488038176688324
0.04259858131408691,0.0010098457246363044,0.006244230270385742,0.0007465458000929563,10,0.9,5,7,"{'model__regressor__max_depth': 10, 'model__regressor__max_features': 0.9, 'model__regressor__min_samples_leaf': 5, 'model__regressor__min_samples_split': 7}",-0.1863515189129363,-0.206334720287314,-0.2123268849772016,-0.18383689275776857,-0.1696864089025405,-0.1917072851675522,0.015586379020349482,321,-0.09167567824277083,-0.0931220558880651,-0.09512417199800556,-0.0949791839187362,-0.09907056825810372,-0.0947943316611363,0.002488038176688324
0.04394311904907226,0.0007733010873926684,0.005676412582397461,0.00016459301162479595,10,0.9,5,10,"{'model__regressor__max_depth': 10, 'model__regressor__max_features': 0.9, 'model__regressor__min_samples_leaf': 5, 'model__regressor__min_samples_split': 10}",-0.1863515189129363,-0.206334720287314,-0.2123268849772016,-0.18383689275776857,-0.1696864089025405,-0.1917072851675522,0.015586379020349482,321,-0.09167567824277083,-0.0931220558880651,-0.09512417199800556,-0.0949791839187362,-0.09907056825810372,-0.0947943316611363,0.002488038176688324
0.04040274620056152,0.0009561931795881555,0.005596256256103516,0.00024017225945979816,10,0.9,7,2,"{'model__regressor__max_depth': 10, 'model__regressor__max_features': 0.9, 'model__regressor__min_samples_leaf': 7, 'model__regressor__min_samples_split': 2}",-0.18201408805645763,-0.20838583411430273,-0.19601410568766964,-0.17623497798378915,-0.16581208520144494,-0.18569221820873283,0.01496482065695539,146,-0.10950707213996924,-0.1067629323725556,-0.1096486088731516,-0.1113560207777709,-0.11328547103969111,-0.1101120210406277,0.0021640438608563194
0.04038710594177246,0.001601619947205199,0.005968523025512695,0.0004838365725939176,10,0.9,7,3,"{'model__regressor__max_depth': 10, 'model__regressor__max_features': 0.9, 'model__regressor__min_samples_leaf': 7, 'model__regressor__min_samples_split': 3}",-0.18201408805645763,-0.20838583411430273,-0.19601410568766964,-0.17623497798378915,-0.16581208520144494,-0.18569221820873283,0.01496482065695539,146,-0.10950707213996924,-0.1067629323725556,-0.1096486088731516,-0.1113560207777709,-0.11328547103969111,-0.1101120210406277,0.0021640438608563194
0.03951253890991211,0.0015179959431679073,0.006503057479858398,0.0015844093168406606,10,0.9,7,5,"{'model__regressor__max_depth': 10, 'model__regressor__max_features': 0.9, 'model__regressor__min_samples_leaf': 7, 'model__regressor__min_samples_split': 5}",-0.18201408805645763,-0.20838583411430273,-0.19601410568766964,-0.17623497798378915,-0.16581208520144494,-0.18569221820873283,0.01496482065695539,146,-0.10950707213996924,-0.1067629323725556,-0.1096486088731516,-0.1113560207777709,-0.11328547103969111,-0.1101120210406277,0.0021640438608563194
0.04093022346496582,0.0011425273582746332,0.0058196067810058595,0.00019585365199713316,10,0.9,7,7,"{'model__regressor__max_depth': 10, 'model__regressor__max_features': 0.9, 'model__regressor__min_samples_leaf': 7, 'model__regressor__min_samples_split': 7}",-0.18201408805645763,-0.20838583411430273,-0.19601410568766964,-0.17623497798378915,-0.16581208520144494,-0.18569221820873283,0.01496482065695539,146,-0.10950707213996924,-0.1067629323725556,-0.1096486088731516,-0.1113560207777709,-0.11328547103969111,-0.1101120210406277,0.0021640438608563194
0.040185546875,0.0012971933002549046,0.006206941604614258,0.0009904247594007458,10,0.9,7,10,"{'model__regressor__max_depth': 10, 'model__regressor__max_features': 0.9, 'model__regressor__min_samples_leaf': 7, 'model__regressor__min_samples_split': 10}",-0.18201408805645763,-0.20838583411430273,-0.19601410568766964,-0.17623497798378915,-0.16581208520144494,-0.18569221820873283,0.01496482065695539,146,-0.10950707213996924,-0.1067629323725556,-0.1096486088731516,-0.1113560207777709,-0.11328547103969111,-0.1101120210406277,0.0021640438608563194
0.037050819396972655,0.0011151024751792425,0.005753278732299805,8.11247024578003e-05,10,0.9,10,2,"{'model__regressor__max_depth': 10, 'model__regressor__max_features': 0.9, 'model__regressor__min_samples_leaf': 10, 'model__regressor__min_samples_split': 2}",-0.17465403859779668,-0.20676380483333906,-0.18556972230869506,-0.18927966503205793,-0.16753072915992107,-0.18475959198636197,0.013447889634244646,131,-0.12358789351425295,-0.12380868224413732,-0.12281899791956376,-0.12178010377558564,-0.12400134265880598,-0.12319940402246914,0.0008153982593808516
0.03679404258728027,0.0008360651696057743,0.005602693557739258,0.00011477378279059159,10,0.9,10,3,"{'model__regressor__max_depth': 10, 'model__regressor__max_features': 0.9, 'model__regressor__min_samples_leaf': 10, 'model__regressor__min_samples_split': 3}",-0.17465403859779668,-0.20676380483333906,-0.18556972230869506,-0.18927966503205793,-0.16753072915992107,-0.18475959198636197,0.013447889634244646,131,-0.12358789351425295,-0.12380868224413732,-0.12281899791956376,-0.12178010377558564,-0.12400134265880598,-0.12319940402246914,0.0008153982593808516
0.037848711013793945,0.0015627299295364262,0.005748271942138672,0.00014628296220049408,10,0.9,10,5,"{'model__regressor__max_depth': 10, 'model__regressor__max_features': 0.9, 'model__regressor__min_samples_leaf': 10, 'model__regressor__min_samples_split': 5}",-0.17465403859779668,-0.20676380483333906,-0.18556972230869506,-0.18927966503205793,-0.16753072915992107,-0.18475959198636197,0.013447889634244646,131,-0.12358789351425295,-0.12380868224413732,-0.12281899791956376,-0.12178010377558564,-0.12400134265880598,-0.12319940402246914,0.0008153982593808516
0.038016557693481445,0.001452652476016401,0.006122684478759766,0.0008258595006545644,10,0.9,10,7,"{'model__regressor__max_depth': 10, 'model__regressor__max_features': 0.9, 'model__regressor__min_samples_leaf': 10, 'model__regressor__min_samples_split': 7}",-0.17465403859779668,-0.20676380483333906,-0.18556972230869506,-0.18927966503205793,-0.16753072915992107,-0.18475959198636197,0.013447889634244646,131,-0.12358789351425295,-0.12380868224413732,-0.12281899791956376,-0.12178010377558564,-0.12400134265880598,-0.12319940402246914,0.0008153982593808516
0.03669261932373047,0.0017942008912008134,0.006409978866577149,0.0015580462175104558,10,0.9,10,10,"{'model__regressor__max_depth': 10, 'model__regressor__max_features': 0.9, 'model__regressor__min_samples_leaf': 10, 'model__regressor__min_samples_split': 10}",-0.17465403859779668,-0.20676380483333906,-0.18556972230869506,-0.18927966503205793,-0.16753072915992107,-0.18475959198636197,0.013447889634244646,131,-0.12358789351425295,-0.12380868224413732,-0.12281899791956376,-0.12178010377558564,-0.12400134265880598,-0.12319940402246914,0.0008153982593808516
0.049994468688964844,0.0019277814457573897,0.006624603271484375,0.0011397483068705844,10,0.8,1,2,"{'model__regressor__max_depth': 10, 'model__regressor__max_features': 0.8, 'model__regressor__min_samples_leaf': 1, 'model__regressor__min_samples_split': 2}",-0.20253963616701348,-0.22916983606736593,-0.23644568473178684,-0.19319012346112516,-0.1973481180100529,-0.21173867968746887,0.017607049248326418,498,-0.04783927225730049,-0.04606128644817474,-0.057829031318116335,-0.053803929612448995,-0.04741041841492584,-0.050588787610193274,0.004492625050771223
0.04741172790527344,0.0008839089822642579,0.005852985382080078,0.00025576290815291396,10,0.8,1,3,"{'model__regressor__max_depth': 10, 'model__regressor__max_features': 0.8, 'model__regressor__min_samples_leaf': 1, 'model__regressor__min_samples_split': 3}",-0.1790156111063359,-0.22108295397236033,-0.19127342965147837,-0.1700552779852541,-0.19927131540105195,-0.19213971762329612,0.01760275954540332,333,-0.053130353732100025,-0.055219622422838455,-0.05911882965645079,-0.05815688540658281,-0.0484055496324865,-0.05480624817009172,0.003841186566061967
0.04680047035217285,0.0025188674334280566,0.0060750007629394535,0.0005381254816125723,10,0.8,1,5,"{'model__regressor__max_depth': 10, 'model__regressor__max_features': 0.8, 'model__regressor__min_samples_leaf': 1, 'model__regressor__min_samples_split': 5}",-0.20582630323441523,-0.2013146903797272,-0.2004462842688101,-0.16623561297609854,-0.18715662265798708,-0.19219590270340764,0.014396804432916539,339,-0.05832070211370085,-0.060034244145768204,-0.06145060000585795,-0.059127074324374515,-0.058836539565813535,-0.059553832031103,0.0010996148929673976
0.044342422485351564,0.0011720134872449475,0.005957794189453125,0.0005461369913400141,10,0.8,1,7,"{'model__regressor__max_depth': 10, 'model__regressor__max_features': 0.8, 'model__regressor__min_samples_leaf': 1, 'model__regressor__min_samples_split': 7}",-0.20022502018829222,-0.22078758400994547,-0.19776151097682124,-0.22018861098469766,-0.19840903595358106,-0.2074743524226675,0.010658016471744117,492,-0.059161362659175994,-0.06791132715298236,-0.07029281056592336,-0.06637303349027296,-0.06957180076479136,-0.06666206692662921,0.003988824546943409
0.042094993591308597,0.0005802099481894484,0.006123256683349609,0.0006156590487109792,10,0.8,1,10,"{'model__regressor__max_depth': 10, 'model__regressor__max_features': 0.8, 'model__regressor__min_samples_leaf': 1, 'model__regressor__min_samples_split': 10}",-0.2015124898615053,-0.22399915460015618,-0.20232922742349282,-0.19059465097747744,-0.20100273300522511,-0.20388765117357135,0.010932239047625006,481,-0.07606613025468317,-0.07206094945714611,-0.07850954123854507,-0.07943438678502462,-0.07603268926589321,-0.07642073940025844,0.00255848637206875
0.04335737228393555,0.0018687737532232843,0.006593656539916992,0.0018045018982511144,10,0.8,3,2,"{'model__regressor__max_depth': 10, 'model__regressor__max_features': 0.8, 'model__regressor__min_samples_leaf': 3, 'model__regressor__min_samples_split': 2}",-0.19408876346540876,-0.21368946321198615,-0.18976126033888335,-0.1779103161419798,-0.19980575133225564,-0.19505111089810273,0.011770388770352002,410,-0.07046653889590884,-0.07715429656300687,-0.0787503937799477,-0.0746355097461901,-0.08048513034252136,-0.07629837386551498,0.0034942624776816778
0.042102909088134764,0.0008822716111884422,0.007479429244995117,0.0015516105793300509,10,0.8,3,3,"{'model__regressor__max_depth': 10, 'model__regressor__max_features': 0.8, 'model__regressor__min_samples_leaf': 3, 'model__regressor__min_samples_split': 3}",-0.19408876346540876,-0.21368946321198615,-0.18976126033888335,-0.1779103161419798,-0.19980575133225564,-0.19505111089810273,0.011770388770352002,410,-0.07046653889590884,-0.07715429656300687,-0.0787503937799477,-0.0746355097461901,-0.08048513034252136,-0.07629837386551498,0.0034942624776816778
0.04285597801208496,0.0016131121130940783,0.007025003433227539,0.0014905353337924302,10,0.8,3,5,"{'model__regressor__max_depth': 10, 'model__regressor__max_features': 0.8, 'model__regressor__min_samples_leaf': 3, 'model__regressor__min_samples_split': 5}",-0.19408876346540876,-0.21368946321198615,-0.18976126033888335,-0.1779103161419798,-0.19980575133225564,-0.19505111089810273,0.011770388770352002,410,-0.07046653889590884,-0.07715429656300687,-0.0787503937799477,-0.0746355097461901,-0.08048513034252136,-0.07629837386551498,0.0034942624776816778
0.040626001358032224,0.0011340269216827,0.0061205863952636715,0.0003261496657473075,10,0.8,3,7,"{'model__regressor__max_depth': 10, 'model__regressor__max_features': 0.8, 'model__regressor__min_samples_leaf': 3, 'model__regressor__min_samples_split': 7}",-0.19147852903661064,-0.20448754047351933,-0.1915920490275224,-0.1756588614552631,-0.1919250082520765,-0.1910283976489984,0.00915090596714413,273,-0.07865554084384228,-0.07645673429346739,-0.08172929688429342,-0.08641755026366076,-0.08137456226720165,-0.0809267369104931,0.0033506099835811567
0.04016118049621582,0.0029432909471948294,0.0065384387969970705,0.0017860824796828182,10,0.8,3,10,"{'model__regressor__max_depth': 10, 'model__regressor__max_features': 0.8, 'model__regressor__min_samples_leaf': 3, 'model__regressor__min_samples_split': 10}",-0.18150177152933145,-0.1903553035020747,-0.18307741865052587,-0.18910777165075632,-0.1915481030892265,-0.187118073684383,0.004048047885516971,169,-0.08724458223286737,-0.08262184641711325,-0.09421092170971769,-0.09389641450279972,-0.08594159327046794,-0.0887830716265932,0.004560909489112736
0.04037842750549316,0.0006926416906578348,0.00654134750366211,0.001032614505094719,10,0.8,5,2,"{'model__regressor__max_depth': 10, 'model__regressor__max_features': 0.8, 'model__regressor__min_samples_leaf': 5, 'model__regressor__min_samples_split': 2}",-0.17369598696563024,-0.20738779267421184,-0.2024257919918925,-0.18457701287865824,-0.18491041649530285,-0.19059940020113914,0.012458512979452642,263,-0.09552895374457668,-0.09334076972518673,-0.09985160299806595,-0.10112342440665315,-0.09814233291757088,-0.09759741675841067,0.002835792741512781
0.039963054656982425,0.0013139576242449285,0.006152582168579101,0.0009463295441138947,10,0.8,5,3,"{'model__regressor__max_depth': 10, 'model__regressor__max_features': 0.8, 'model__regressor__min_samples_leaf': 5, 'model__regressor__min_samples_split': 3}",-0.17369598696563024,-0.20738779267421184,-0.2024257919918925,-0.18457701287865824,-0.18491041649530285,-0.19059940020113914,0.012458512979452642,263,-0.09552895374457668,-0.09334076972518673,-0.09985160299806595,-0.10112342440665315,-0.09814233291757088,-0.09759741675841067,0.002835792741512781
0.03909292221069336,0.0014056863144375194,0.007049989700317383,0.001638875143529859,10,0.8,5,5,"{'model__regressor__max_depth': 10, 'model__regressor__max_features': 0.8, 'model__regressor__min_samples_leaf': 5, 'model__regressor__min_samples_split': 5}",-0.17369598696563024,-0.20738779267421184,-0.2024257919918925,-0.18457701287865824,-0.18491041649530285,-0.19059940020113914,0.012458512979452642,263,-0.09552895374457668,-0.09334076972518673,-0.09985160299806595,-0.10112342440665315,-0.09814233291757088,-0.09759741675841067,0.002835792741512781
0.04033956527709961,0.001477396084534616,0.005734729766845703,6.893726340221239e-05,10,0.8,5,7,"{'model__regressor__max_depth': 10, 'model__regressor__max_features': 0.8, 'model__regressor__min_samples_leaf': 5, 'model__regressor__min_samples_split': 7}",-0.17369598696563024,-0.20738779267421184,-0.2024257919918925,-0.18457701287865824,-0.18491041649530285,-0.19059940020113914,0.012458512979452642,263,-0.09552895374457668,-0.09334076972518673,-0.09985160299806595,-0.10112342440665315,-0.09814233291757088,-0.09759741675841067,0.002835792741512781
0.04127721786499024,0.0011630916563789482,0.006049299240112304,0.0006261098426154485,10,0.8,5,10,"{'model__regressor__max_depth': 10, 'model__regressor__max_features': 0.8, 'model__regressor__min_samples_leaf': 5, 'model__regressor__min_samples_split': 10}",-0.17369598696563024,-0.20738779267421184,-0.2024257919918925,-0.18457701287865824,-0.18491041649530285,-0.19059940020113914,0.012458512979452642,263,-0.09552895374457668,-0.09334076972518673,-0.09985160299806595,-0.10112342440665315,-0.09814233291757088,-0.09759741675841067,0.002835792741512781
0.03889398574829102,0.0009382006037580271,0.005667829513549804,0.0002151831745896227,10,0.8,7,2,"{'model__regressor__max_depth': 10, 'model__regressor__max_features': 0.8, 'model__regressor__min_samples_leaf': 7, 'model__regressor__min_samples_split': 2}",-0.17749405601485815,-0.2002418955448758,-0.18554357641695482,-0.17749920563627203,-0.1776568178038633,-0.18368711028336482,0.00883760028562529,71,-0.10438449079423516,-0.10615222102380388,-0.1128583482044748,-0.1148285405881042,-0.11793233717821384,-0.11123118755776637,0.0051607589452629995
0.03799939155578613,0.0014714263171429593,0.005667304992675782,0.0003031635852926348,10,0.8,7,3,"{'model__regressor__max_depth': 10, 'model__regressor__max_features': 0.8, 'model__regressor__min_samples_leaf': 7, 'model__regressor__min_samples_split': 3}",-0.17749405601485815,-0.2002418955448758,-0.18554357641695482,-0.17749920563627203,-0.1776568178038633,-0.18368711028336482,0.00883760028562529,71,-0.10438449079423516,-0.10615222102380388,-0.1128583482044748,-0.1148285405881042,-0.11793233717821384,-0.11123118755776637,0.0051607589452629995
0.03975834846496582,0.0005035479546777298,0.0057159423828125,6.0558056267596036e-05,10,0.8,7,5,"{'model__regressor__max_depth': 10, 'model__regressor__max_features': 0.8, 'model__regressor__min_samples_leaf': 7, 'model__regressor__min_samples_split': 5}",-0.17749405601485815,-0.2002418955448758,-0.18554357641695482,-0.17749920563627203,-0.1776568178038633,-0.18368711028336482,0.00883760028562529,71,-0.10438449079423516,-0.10615222102380388,-0.1128583482044748,-0.1148285405881042,-0.11793233717821384,-0.11123118755776637,0.0051607589452629995
0.03607168197631836,0.001239620323600582,0.006546163558959961,0.0015860070146025155,10,0.8,7,7,"{'model__regressor__max_depth': 10, 'model__regressor__max_features': 0.8, 'model__regressor__min_samples_leaf': 7, 'model__regressor__min_samples_split': 7}",-0.17749405601485815,-0.2002418955448758,-0.18554357641695482,-0.17749920563627203,-0.1776568178038633,-0.18368711028336482,0.00883760028562529,71,-0.10438449079423516,-0.10615222102380388,-0.1128583482044748,-0.1148285405881042,-0.11793233717821384,-0.11123118755776637,0.0051607589452629995
0.036783599853515626,0.0012990250370413221,0.005924081802368164,0.00036655953946670435,10,0.8,7,10,"{'model__regressor__max_depth': 10, 'model__regressor__max_features': 0.8, 'model__regressor__min_samples_leaf': 7, 'model__regressor__min_samples_split': 10}",-0.17749405601485815,-0.2002418955448758,-0.18554357641695482,-0.17749920563627203,-0.1776568178038633,-0.18368711028336482,0.00883760028562529,71,-0.10438449079423516,-0.10615222102380388,-0.1128583482044748,-0.1148285405881042,-0.11793233717821384,-0.11123118755776637,0.0051607589452629995
0.0376490592956543,0.0023364915195538054,0.005711174011230469,0.0002067811140249137,10,0.8,10,2,"{'model__regressor__max_depth': 10, 'model__regressor__max_features': 0.8, 'model__regressor__min_samples_leaf': 10, 'model__regressor__min_samples_split': 2}",-0.19208574972275838,-0.19557539073649796,-0.18687641991226928,-0.17262596202244093,-0.1729282192953878,-0.1840183483378709,0.009587431307413423,81,-0.12415308613322722,-0.12231378107482178,-0.12660586110573166,-0.12414238483541716,-0.1253624789486659,-0.12451551841957276,0.0014286432621547806
0.0356025218963623,0.0012601512665034887,0.0056264400482177734,0.00016273845149380445,10,0.8,10,3,"{'model__regressor__max_depth': 10, 'model__regressor__max_features': 0.8, 'model__regressor__min_samples_leaf': 10, 'model__regressor__min_samples_split': 3}",-0.19208574972275838,-0.19557539073649796,-0.18687641991226928,-0.17262596202244093,-0.1729282192953878,-0.1840183483378709,0.009587431307413423,81,-0.12415308613322722,-0.12231378107482178,-0.12660586110573166,-0.12414238483541716,-0.1253624789486659,-0.12451551841957276,0.0014286432621547806
0.03475651741027832,0.001006260255072794,0.007351112365722656,0.001392546026272286,10,0.8,10,5,"{'model__regressor__max_depth': 10, 'model__regressor__max_features': 0.8, 'model__regressor__min_samples_leaf': 10, 'model__regressor__min_samples_split': 5}",-0.19208574972275838,-0.19557539073649796,-0.18687641991226928,-0.17262596202244093,-0.1729282192953878,-0.1840183483378709,0.009587431307413423,81,-0.12415308613322722,-0.12231378107482178,-0.12660586110573166,-0.12414238483541716,-0.1253624789486659,-0.12451551841957276,0.0014286432621547806
0.03593778610229492,0.00227425905722676,0.0055812358856201175,0.0001853691557934429,10,0.8,10,7,"{'model__regressor__max_depth': 10, 'model__regressor__max_features': 0.8, 'model__regressor__min_samples_leaf': 10, 'model__regressor__min_samples_split': 7}",-0.19208574972275838,-0.19557539073649796,-0.18687641991226928,-0.17262596202244093,-0.1729282192953878,-0.1840183483378709,0.009587431307413423,81,-0.12415308613322722,-0.12231378107482178,-0.12660586110573166,-0.12414238483541716,-0.1253624789486659,-0.12451551841957276,0.0014286432621547806
0.03580307960510254,0.001836811821197382,0.005650377273559571,0.0002277234486901988,10,0.8,10,10,"{'model__regressor__max_depth': 10, 'model__regressor__max_features': 0.8, 'model__regressor__min_samples_leaf': 10, 'model__regressor__min_samples_split': 10}",-0.19208574972275838,-0.19557539073649796,-0.18687641991226928,-0.17262596202244093,-0.1729282192953878,-0.1840183483378709,0.009587431307413423,81,-0.12415308613322722,-0.12231378107482178,-0.12660586110573166,-0.12414238483541716,-0.1253624789486659,-0.12451551841957276,0.0014286432621547806
0.04635534286499023,0.003044167469217551,0.006466436386108399,0.0014502526568168587,10,0.7,1,2,"{'model__regressor__max_depth': 10, 'model__regressor__max_features': 0.7, 'model__regressor__min_samples_leaf': 1, 'model__regressor__min_samples_split': 2}",-0.21160036167566096,-0.22556922582821226,-0.19657976941190786,-0.18497151151147326,-0.19380244583724285,-0.20250466285289942,0.014373240007406815,473,-0.04897017578681422,-0.052747988574172726,-0.06019895650356673,-0.05525013225393585,-0.045523108276662345,-0.05253807227903038,0.005060199335873798
0.04357624053955078,0.001017263130540824,0.006392908096313476,0.000872014776777933,10,0.7,1,3,"{'model__regressor__max_depth': 10, 'model__regressor__max_features': 0.7, 'model__regressor__min_samples_leaf': 1, 'model__regressor__min_samples_split': 3}",-0.21818847134223507,-0.1820384144628618,-0.21384821074188864,-0.20610982514592618,-0.1820105150812228,-0.20043908735482688,0.015525459915621563,462,-0.055262021291807545,-0.055483657920571514,-0.061755256427700876,-0.05805529576787889,-0.04889461540736208,-0.05589016936306418,0.004209147546096117
0.042583131790161134,0.001148726412357808,0.005724811553955078,0.00012763431726105839,10,0.7,1,5,"{'model__regressor__max_depth': 10, 'model__regressor__max_features': 0.7, 'model__regressor__min_samples_leaf': 1, 'model__regressor__min_samples_split': 5}",-0.1989810937815712,-0.19879582680129923,-0.20570599397537565,-0.1950691052305314,-0.18279562759385082,-0.19626952947652565,0.007560008884993864,422,-0.05796658334242456,-0.056360030563636566,-0.06339442532359843,-0.06357518787752447,-0.06137983016796243,-0.06053521145502929,0.002903788119766862
0.03925790786743164,0.0017046979597321588,0.005592918395996094,0.00016174338898553145,10,0.7,1,7,"{'model__regressor__max_depth': 10, 'model__regressor__max_features': 0.7, 'model__regressor__min_samples_leaf': 1, 'model__regressor__min_samples_split': 7}",-0.18774973275793633,-0.20636114783790518,-0.2060919790297455,-0.20134456972588372,-0.2095999614102934,-0.20222947815235287,0.0077040212938999045,471,-0.05974591817631853,-0.06411835485724444,-0.07363330111867168,-0.07759950506541381,-0.06442042966882065,-0.06790350177729383,0.006630963413890501
0.037884855270385744,0.002453482651673042,0.006334447860717773,0.0008759977704496848,10,0.7,1,10,"{'model__regressor__max_depth': 10, 'model__regressor__max_features': 0.7, 'model__regressor__min_samples_leaf': 1, 'model__regressor__min_samples_split': 10}",-0.17828198941368087,-0.1915025645606691,-0.20533527197404766,-0.201240636525441,-0.19032485759219847,-0.1933370640132074,0.009439465023921057,374,-0.07150253544157485,-0.072583783479311,-0.07791387478142478,-0.08567422571400166,-0.07691650595636441,-0.07691818507453534,0.005015494923285187
0.04116721153259277,0.003011021672790459,0.006980991363525391,0.0012660780361600213,10,0.7,3,2,"{'model__regressor__max_depth': 10, 'model__regressor__max_features': 0.7, 'model__regressor__min_samples_leaf': 3, 'model__regressor__min_samples_split': 2}",-0.19743076767849113,-0.21038128352790206,-0.20861556720367286,-0.18191873866229225,-0.1916121072808336,-0.1979916928706384,0.010636938176478098,436,-0.074576872549123,-0.0753671736005975,-0.08735747830267834,-0.08574189632228095,-0.07229131577498259,-0.07906694730993248,0.006213632239109161
0.041295433044433595,0.0013833118660100323,0.005986976623535156,0.00048055154362955035,10,0.7,3,3,"{'model__regressor__max_depth': 10, 'model__regressor__max_features': 0.7, 'model__regressor__min_samples_leaf': 3, 'model__regressor__min_samples_split': 3}",-0.19743076767849113,-0.21038128352790206,-0.20861556720367286,-0.18191873866229225,-0.1916121072808336,-0.1979916928706384,0.010636938176478098,436,-0.074576872549123,-0.0753671736005975,-0.08735747830267834,-0.08574189632228095,-0.07229131577498259,-0.07906694730993248,0.006213632239109161
0.04027018547058105,0.0014479349778328745,0.006560182571411133,0.001229675644117481,10,0.7,3,5,"{'model__regressor__max_depth': 10, 'model__regressor__max_features': 0.7, 'model__regressor__min_samples_leaf': 3, 'model__regressor__min_samples_split': 5}",-0.19743076767849113,-0.21038128352790206,-0.20861556720367286,-0.18191873866229225,-0.1916121072808336,-0.1979916928706384,0.010636938176478098,436,-0.074576872549123,-0.0753671736005975,-0.08735747830267834,-0.08574189632228095,-0.07229131577498259,-0.07906694730993248,0.006213632239109161
0.038842391967773435,0.0010310276684810339,0.005756855010986328,0.00011677312667823592,10,0.7,3,7,"{'model__regressor__max_depth': 10, 'model__regressor__max_features': 0.7, 'model__regressor__min_samples_leaf': 3, 'model__regressor__min_samples_split': 7}",-0.2014649792989473,-0.2146681736722231,-0.18346376180522964,-0.19643715040507082,-0.18915812809883997,-0.19703843865606213,0.010743691287883706,424,-0.0780632974414202,-0.07409132392055642,-0.08674877164720388,-0.08368147952483787,-0.07736172895986392,-0.07998932029877645,0.004576513604289433
0.039548206329345706,0.0013787620924144751,0.006043767929077149,0.000557305223288681,10,0.7,3,10,"{'model__regressor__max_depth': 10, 'model__regressor__max_features': 0.7, 'model__regressor__min_samples_leaf': 3, 'model__regressor__min_samples_split': 10}",-0.17513402122065083,-0.20054030807273968,-0.1906547650491623,-0.1769453012164544,-0.19218440935062683,-0.18709176098192679,0.009648125934241546,168,-0.08872914445962864,-0.09129362301124112,-0.0981309350540682,-0.09655779695913369,-0.089894917248624,-0.09292128334653912,0.0037348868936342822
0.03788309097290039,0.002313865320109171,0.006225204467773438,0.0012930338856595152,10,0.7,5,2,"{'model__regressor__max_depth': 10, 'model__regressor__max_features': 0.7, 'model__regressor__min_samples_leaf': 5, 'model__regressor__min_samples_split': 2}",-0.18234783738318316,-0.21225092315301597,-0.1896034792048042,-0.17997204976813105,-0.18626934285667895,-0.1900887264731627,0.011560749363733368,252,-0.09579755212247157,-0.09762257657496339,-0.10413611662965336,-0.0999030211604787,-0.09889670585317653,-0.09927119446814872,0.0027925274012190354
0.03693022727966309,0.0011505020352016448,0.0063649177551269535,0.0014004796842549468,10,0.7,5,3,"{'model__regressor__max_depth': 10, 'model__regressor__max_features': 0.7, 'model__regressor__min_samples_leaf': 5, 'model__regressor__min_samples_split': 3}",-0.18234783738318316,-0.21225092315301597,-0.1896034792048042,-0.17997204976813105,-0.18626934285667895,-0.1900887264731627,0.011560749363733368,252,-0.09579755212247157,-0.09762257657496339,-0.10413611662965336,-0.0999030211604787,-0.09889670585317653,-0.09927119446814872,0.0027925274012190354
0.038915491104125975,0.00592561491523223,0.007340669631958008,0.0020338747499316153,10,0.7,5,5,"{'model__regressor__max_depth': 10, 'model__regressor__max_features': 0.7, 'model__regressor__min_samples_leaf': 5, 'model__regressor__min_samples_split': 5}",-0.18234783738318316,-0.21225092315301597,-0.1896034792048042,-0.17997204976813105,-0.18626934285667895,-0.1900887264731627,0.011560749363733368,252,-0.09579755212247157,-0.09762257657496339,-0.10413611662965336,-0.0999030211604787,-0.09889670585317653,-0.09927119446814872,0.0027925274012190354
0.03675374984741211,0.0014412205594573385,0.006321907043457031,0.001184071110722359,10,0.7,5,7,"{'model__regressor__max_depth': 10, 'model__regressor__max_features': 0.7, 'model__regressor__min_samples_leaf': 5, 'model__regressor__min_samples_split': 7}",-0.18234783738318316,-0.21225092315301597,-0.1896034792048042,-0.17997204976813105,-0.18626934285667895,-0.1900887264731627,0.011560749363733368,252,-0.09579755212247157,-0.09762257657496339,-0.10413611662965336,-0.0999030211604787,-0.09889670585317653,-0.09927119446814872,0.0027925274012190354
0.037349271774291995,0.0017964902262589057,0.006169843673706055,0.0006457628441200468,10,0.7,5,10,"{'model__regressor__max_depth': 10, 'model__regressor__max_features': 0.7, 'model__regressor__min_samples_leaf': 5, 'model__regressor__min_samples_split': 10}",-0.18234783738318316,-0.21225092315301597,-0.1896034792048042,-0.17997204976813105,-0.18626934285667895,-0.1900887264731627,0.011560749363733368,252,-0.09579755212247157,-0.09762257657496339,-0.10413611662965336,-0.0999030211604787,-0.09889670585317653,-0.09927119446814872,0.0027925274012190354
0.037171554565429685,0.0007221367045353407,0.005626249313354492,0.00012659567664786493,10,0.7,7,2,"{'model__regressor__max_depth': 10, 'model__regressor__max_features': 0.7, 'model__regressor__min_samples_leaf': 7, 'model__regressor__min_samples_split': 2}",-0.1647534917380961,-0.20626787869016033,-0.19270393723428497,-0.17058939444564092,-0.1886548323903349,-0.18459390689970345,0.015111539987061181,126,-0.10762609027506803,-0.10781261165814551,-0.11822687794090074,-0.11590136657037382,-0.11480029535379535,-0.1128734483596567,0.004351713945061485
0.03615512847900391,0.0011491651910299173,0.006519460678100586,0.0014876083374646557,10,0.7,7,3,"{'model__regressor__max_depth': 10, 'model__regressor__max_features': 0.7, 'model__regressor__min_samples_leaf': 7, 'model__regressor__min_samples_split': 3}",-0.1647534917380961,-0.20626787869016033,-0.19270393723428497,-0.17058939444564092,-0.1886548323903349,-0.18459390689970345,0.015111539987061181,126,-0.10762609027506803,-0.10781261165814551,-0.11822687794090074,-0.11590136657037382,-0.11480029535379535,-0.1128734483596567,0.004351713945061485
0.03520975112915039,0.0020081230957602844,0.007428979873657227,0.0015773606530108193,10,0.7,7,5,"{'model__regressor__max_depth': 10, 'model__regressor__max_features': 0.7, 'model__regressor__min_samples_leaf': 7, 'model__regressor__min_samples_split': 5}",-0.1647534917380961,-0.20626787869016033,-0.19270393723428497,-0.17058939444564092,-0.1886548323903349,-0.18459390689970345,0.015111539987061181,126,-0.10762609027506803,-0.10781261165814551,-0.11822687794090074,-0.11590136657037382,-0.11480029535379535,-0.1128734483596567,0.004351713945061485
0.03606739044189453,0.0017029149888341752,0.006697416305541992,0.001491994741692999,10,0.7,7,7,"{'model__regressor__max_depth': 10, 'model__regressor__max_features': 0.7, 'model__regressor__min_samples_leaf': 7, 'model__regressor__min_samples_split': 7}",-0.1647534917380961,-0.20626787869016033,-0.19270393723428497,-0.17058939444564092,-0.1886548323903349,-0.18459390689970345,0.015111539987061181,126,-0.10762609027506803,-0.10781261165814551,-0.11822687794090074,-0.11590136657037382,-0.11480029535379535,-0.1128734483596567,0.004351713945061485
0.03717703819274902,0.0009052686248983988,0.0057945728302001955,0.00010661532911814316,10,0.7,7,10,"{'model__regressor__max_depth': 10, 'model__regressor__max_features': 0.7, 'model__regressor__min_samples_leaf': 7, 'model__regressor__min_samples_split': 10}",-0.1647534917380961,-0.20626787869016033,-0.19270393723428497,-0.17058939444564092,-0.1886548323903349,-0.18459390689970345,0.015111539987061181,126,-0.10762609027506803,-0.10781261165814551,-0.11822687794090074,-0.11590136657037382,-0.11480029535379535,-0.1128734483596567,0.004351713945061485
0.03425445556640625,0.0014726142942269756,0.006266260147094726,0.0007596526664570618,10,0.7,10,2,"{'model__regressor__max_depth': 10, 'model__regressor__max_features': 0.7, 'model__regressor__min_samples_leaf': 10, 'model__regressor__min_samples_split': 2}",-0.18230055018681235,-0.18096993905487796,-0.1836505206089087,-0.17483766046405208,-0.17952019966833457,-0.18025577399659712,0.00303685593350386,16,-0.1259764385346704,-0.12638011145660813,-0.13060356285532743,-0.12902373342971618,-0.12659014457141882,-0.1277147981695482,0.001795906538925277
0.03231649398803711,0.000652945665745871,0.006295108795166015,0.0007005783733973157,10,0.7,10,3,"{'model__regressor__max_depth': 10, 'model__regressor__max_features': 0.7, 'model__regressor__min_samples_leaf': 10, 'model__regressor__min_samples_split': 3}",-0.18230055018681235,-0.18096993905487796,-0.1836505206089087,-0.17483766046405208,-0.17952019966833457,-0.18025577399659712,0.00303685593350386,16,-0.1259764385346704,-0.12638011145660813,-0.13060356285532743,-0.12902373342971618,-0.12659014457141882,-0.1277147981695482,0.001795906538925277
0.03387761116027832,0.0010859256966181984,0.006596755981445312,0.001002863517476249,10,0.7,10,5,"{'model__regressor__max_depth': 10, 'model__regressor__max_features': 0.7, 'model__regressor__min_samples_leaf': 10, 'model__regressor__min_samples_split': 5}",-0.18230055018681235,-0.18096993905487796,-0.1836505206089087,-0.17483766046405208,-0.17952019966833457,-0.18025577399659712,0.00303685593350386,16,-0.1259764385346704,-0.12638011145660813,-0.13060356285532743,-0.12902373342971618,-0.12659014457141882,-0.1277147981695482,0.001795906538925277
0.03290891647338867,0.0012775127440830007,0.005617809295654297,0.0001446701777621029,10,0.7,10,7,"{'model__regressor__max_depth': 10, 'model__regressor__max_features': 0.7, 'model__regressor__min_samples_leaf': 10, 'model__regressor__min_samples_split': 7}",-0.18230055018681235,-0.18096993905487796,-0.1836505206089087,-0.17483766046405208,-0.17952019966833457,-0.18025577399659712,0.00303685593350386,16,-0.1259764385346704,-0.12638011145660813,-0.13060356285532743,-0.12902373342971618,-0.12659014457141882,-0.1277147981695482,0.001795906538925277
0.03361988067626953,0.0019412168557672086,0.006362199783325195,0.0013038834085672758,10,0.7,10,10,"{'model__regressor__max_depth': 10, 'model__regressor__max_features': 0.7, 'model__regressor__min_samples_leaf': 10, 'model__regressor__min_samples_split': 10}",-0.18230055018681235,-0.18096993905487796,-0.1836505206089087,-0.17483766046405208,-0.17952019966833457,-0.18025577399659712,0.00303685593350386,16,-0.1259764385346704,-0.12638011145660813,-0.13060356285532743,-0.12902373342971618,-0.12659014457141882,-0.1277147981695482,0.001795906538925277
0.040890741348266604,0.0021493838740705615,0.005864906311035156,9.92204518740104e-05,10,0.5,1,2,"{'model__regressor__max_depth': 10, 'model__regressor__max_features': 0.5, 'model__regressor__min_samples_leaf': 1, 'model__regressor__min_samples_split': 2}",-0.20716392535237965,-0.20687271310970612,-0.16530762328272677,-0.16456704462586447,-0.21444559514130898,-0.19167138030239722,0.021997531813508525,310,-0.053281395528233334,-0.054721216818080454,-0.054337113301191065,-0.06339684238910737,-0.053806213741324105,-0.055908556355587266,0.0037755914675949524
0.03842639923095703,0.0015156424380435782,0.006674814224243164,0.001160950400605242,10,0.5,1,3,"{'model__regressor__max_depth': 10, 'model__regressor__max_features': 0.5, 'model__regressor__min_samples_leaf': 1, 'model__regressor__min_samples_split': 3}",-0.19445793603335135,-0.21363606201324414,-0.20615330911131652,-0.19441947019683783,-0.19589830141007336,-0.2009130157529646,0.007724223309040924,468,-0.05215360400520008,-0.053311464792613714,-0.060543897424404296,-0.06069978260702801,-0.054430869992332605,-0.05622792376431575,0.003659518187856496
0.03687529563903809,0.0016827488215527182,0.006080198287963867,0.0008671305210379533,10,0.5,1,5,"{'model__regressor__max_depth': 10, 'model__regressor__max_features': 0.5, 'model__regressor__min_samples_leaf': 1, 'model__regressor__min_samples_split': 5}",-0.2033312756907313,-0.2146850078352444,-0.18423695430284626,-0.17573564031158526,-0.18858015478917675,-0.19331380658591682,0.013934608472251277,373,-0.0656854759490132,-0.06852860148019838,-0.06013350777889925,-0.07376319826176239,-0.05827215311716387,-0.06527658731740742,0.0056263436964667886
0.03554434776306152,0.0013092046382126008,0.0058994293212890625,0.0003673679234777084,10,0.5,1,7,"{'model__regressor__max_depth': 10, 'model__regressor__max_features': 0.5, 'model__regressor__min_samples_leaf': 1, 'model__regressor__min_samples_split': 7}",-0.18200699992939373,-0.19274039138741098,-0.18754266398015956,-0.18436463900239447,-0.19518154217560338,-0.18836724729499243,0.004954039994018129,192,-0.07197166248373481,-0.07665972716113766,-0.07023089039258651,-0.07572742514947967,-0.06678604920727844,-0.07227515087884341,0.0036206090680262213
0.034975433349609376,0.0012068185299529814,0.005742311477661133,6.361497376908425e-05,10,0.5,1,10,"{'model__regressor__max_depth': 10, 'model__regressor__max_features': 0.5, 'model__regressor__min_samples_leaf': 1, 'model__regressor__min_samples_split': 10}",-0.2092719076502117,-0.19165174417979638,-0.19409818226570555,-0.17735333222015243,-0.16847601115718505,-0.1881702354946102,0.014123808920473673,186,-0.08526105910191283,-0.08085227752235159,-0.08100271704058619,-0.08395454210658058,-0.07797549682660135,-0.08180921851960651,0.0025605163317499726
0.035526084899902347,0.0009473429607899601,0.0070915699005126955,0.001613034801107474,10,0.5,3,2,"{'model__regressor__max_depth': 10, 'model__regressor__max_features': 0.5, 'model__regressor__min_samples_leaf': 3, 'model__regressor__min_samples_split': 2}",-0.2024132238878712,-0.19648589928857013,-0.19601522644005273,-0.1922822586851657,-0.18958596738484015,-0.19535651513729996,0.004341815786714382,414,-0.07889090505689153,-0.0841982559016061,-0.0817031102011276,-0.07713453727352335,-0.08538274389769587,-0.08146191046616888,0.0031066034833857562
0.0359036922454834,0.0013569572180699764,0.00575723648071289,0.0001355273714691634,10,0.5,3,3,"{'model__regressor__max_depth': 10, 'model__regressor__max_features': 0.5, 'model__regressor__min_samples_leaf': 3, 'model__regressor__min_samples_split': 3}",-0.2024132238878712,-0.19648589928857013,-0.19601522644005273,-0.1922822586851657,-0.18958596738484015,-0.19535651513729996,0.004341815786714382,414,-0.07889090505689153,-0.0841982559016061,-0.0817031102011276,-0.07713453727352335,-0.08538274389769587,-0.08146191046616888,0.0031066034833857562
0.03482837677001953,0.0007799139201241893,0.005815696716308594,0.00022146749937876028,10,0.5,3,5,"{'model__regressor__max_depth': 10, 'model__regressor__max_features': 0.5, 'model__regressor__min_samples_leaf': 3, 'model__regressor__min_samples_split': 5}",-0.2024132238878712,-0.19648589928857013,-0.19601522644005273,-0.1922822586851657,-0.18958596738484015,-0.19535651513729996,0.004341815786714382,414,-0.07889090505689153,-0.0841982559016061,-0.0817031102011276,-0.07713453727352335,-0.08538274389769587,-0.08146191046616888,0.0031066034833857562
0.03462848663330078,0.001834065875770627,0.007005023956298828,0.0015478926836353696,10,0.5,3,7,"{'model__regressor__max_depth': 10, 'model__regressor__max_features': 0.5, 'model__regressor__min_samples_leaf': 3, 'model__regressor__min_samples_split': 7}",-0.19765120402702802,-0.1976007961206549,-0.18617537912586316,-0.18778782252999357,-0.18040959469115042,-0.189924959298938,0.006749551054323397,251,-0.07909113965747212,-0.08734234948686012,-0.08403444378709497,-0.08838048383058518,-0.07940541638139813,-0.08365076662868211,0.003871909446496884
0.03321261405944824,0.001790441432447333,0.008084869384765625,0.0016019780787083126,10,0.5,3,10,"{'model__regressor__max_depth': 10, 'model__regressor__max_features': 0.5, 'model__regressor__min_samples_leaf': 3, 'model__regressor__min_samples_split': 10}",-0.19209317668665643,-0.2043379881615595,-0.19165702446626148,-0.19306893145844967,-0.18412948315428154,-0.19305732078544174,0.006478430051353914,360,-0.08924180106757038,-0.09371474472335009,-0.09637666429517926,-0.09339113927268554,-0.0932816667523601,-0.09320120322222908,0.0022832736763014477
0.032827234268188475,0.0010759252834473389,0.0067368030548095705,0.001610058535551958,10,0.5,5,2,"{'model__regressor__max_depth': 10, 'model__regressor__max_features': 0.5, 'model__regressor__min_samples_leaf': 5, 'model__regressor__min_samples_split': 2}",-0.18323565248602267,-0.18872761454140835,-0.19134526979413338,-0.17070270825924938,-0.18687329947374606,-0.18417690891091196,0.007236088562386878,96,-0.09959872631689909,-0.10484676118783774,-0.10214834761869357,-0.10832287729916064,-0.10527424110940845,-0.1040381907063999,0.0029604221652396487
0.03331646919250488,0.002120504978645517,0.0056684017181396484,0.00014578706389420783,10,0.5,5,3,"{'model__regressor__max_depth': 10, 'model__regressor__max_features': 0.5, 'model__regressor__min_samples_leaf': 5, 'model__regressor__min_samples_split': 3}",-0.18323565248602267,-0.18872761454140835,-0.19134526979413338,-0.17070270825924938,-0.18687329947374606,-0.18417690891091196,0.007236088562386878,96,-0.09959872631689909,-0.10484676118783774,-0.10214834761869357,-0.10832287729916064,-0.10527424110940845,-0.1040381907063999,0.0029604221652396487
0.03244013786315918,0.0013570605861227855,0.0065419673919677734,0.0007516183728266358,10,0.5,5,5,"{'model__regressor__max_depth': 10, 'model__regressor__max_features': 0.5, 'model__regressor__min_samples_leaf': 5, 'model__regressor__min_samples_split': 5}",-0.18323565248602267,-0.18872761454140835,-0.19134526979413338,-0.17070270825924938,-0.18687329947374606,-0.18417690891091196,0.007236088562386878,96,-0.09959872631689909,-0.10484676118783774,-0.10214834761869357,-0.10832287729916064,-0.10527424110940845,-0.1040381907063999,0.0029604221652396487
0.03481740951538086,0.001533317579263952,0.006388092041015625,0.0005715034600088801,10,0.5,5,7,"{'model__regressor__max_depth': 10, 'model__regressor__max_features': 0.5, 'model__regressor__min_samples_leaf': 5, 'model__regressor__min_samples_split': 7}",-0.18323565248602267,-0.18872761454140835,-0.19134526979413338,-0.17070270825924938,-0.18687329947374606,-0.18417690891091196,0.007236088562386878,96,-0.09959872631689909,-0.10484676118783774,-0.10214834761869357,-0.10832287729916064,-0.10527424110940845,-0.1040381907063999,0.0029604221652396487
0.03330807685852051,0.0012627870361502755,0.005777311325073242,0.00013851650807895221,10,0.5,5,10,"{'model__regressor__max_depth': 10, 'model__regressor__max_features': 0.5, 'model__regressor__min_samples_leaf': 5, 'model__regressor__min_samples_split': 10}",-0.18323565248602267,-0.18872761454140835,-0.19134526979413338,-0.17070270825924938,-0.18687329947374606,-0.18417690891091196,0.007236088562386878,96,-0.09959872631689909,-0.10484676118783774,-0.10214834761869357,-0.10832287729916064,-0.10527424110940845,-0.1040381907063999,0.0029604221652396487
0.03215169906616211,0.0012582458053546363,0.0057427406311035155,5.266696093170403e-05,10,0.5,7,2,"{'model__regressor__max_depth': 10, 'model__regressor__max_features': 0.5, 'model__regressor__min_samples_leaf': 7, 'model__regressor__min_samples_split': 2}",-0.18711366830272952,-0.18869425618235458,-0.18856816790081618,-0.17690298616448827,-0.1801007543275894,-0.18427596657559558,0.004853659728824673,101,-0.112559332511789,-0.11607979258534096,-0.11410294251454912,-0.12291483426639548,-0.11648915138363664,-0.11642921065234224,0.003537696420317132
0.03309755325317383,0.0011665873787607074,0.007512331008911133,0.001587160578766231,10,0.5,7,3,"{'model__regressor__max_depth': 10, 'model__regressor__max_features': 0.5, 'model__regressor__min_samples_leaf': 7, 'model__regressor__min_samples_split': 3}",-0.18711366830272952,-0.18869425618235458,-0.18856816790081618,-0.17690298616448827,-0.1801007543275894,-0.18427596657559558,0.004853659728824673,101,-0.112559332511789,-0.11607979258534096,-0.11410294251454912,-0.12291483426639548,-0.11648915138363664,-0.11642921065234224,0.003537696420317132
0.032387161254882814,0.002351410735109892,0.006401968002319336,0.0013987126662541784,10,0.5,7,5,"{'model__regressor__max_depth': 10, 'model__regressor__max_features': 0.5, 'model__regressor__min_samples_leaf': 7, 'model__regressor__min_samples_split': 5}",-0.18711366830272952,-0.18869425618235458,-0.18856816790081618,-0.17690298616448827,-0.1801007543275894,-0.18427596657559558,0.004853659728824673,101,-0.112559332511789,-0.11607979258534096,-0.11410294251454912,-0.12291483426639548,-0.11648915138363664,-0.11642921065234224,0.003537696420317132
0.03235330581665039,0.0017648610722727086,0.005706787109375,0.00015280343269844358,10,0.5,7,7,"{'model__regressor__max_depth': 10, 'model__regressor__max_features': 0.5, 'model__regressor__min_samples_leaf': 7, 'model__regressor__min_samples_split': 7}",-0.18711366830272952,-0.18869425618235458,-0.18856816790081618,-0.17690298616448827,-0.1801007543275894,-0.18427596657559558,0.004853659728824673,101,-0.112559332511789,-0.11607979258534096,-0.11410294251454912,-0.12291483426639548,-0.11648915138363664,-0.11642921065234224,0.003537696420317132
0.03194637298583984,0.001965743700971054,0.005821084976196289,0.00027189397761337816,10,0.5,7,10,"{'model__regressor__max_depth': 10, 'model__regressor__max_features': 0.5, 'model__regressor__min_samples_leaf': 7, 'model__regressor__min_samples_split': 10}",-0.18711366830272952,-0.18869425618235458,-0.18856816790081618,-0.17690298616448827,-0.1801007543275894,-0.18427596657559558,0.004853659728824673,101,-0.112559332511789,-0.11607979258534096,-0.11410294251454912,-0.12291483426639548,-0.11648915138363664,-0.11642921065234224,0.003537696420317132
0.030869817733764647,0.0014927231192706151,0.005996847152709961,0.0004468675707380134,10,0.5,10,2,"{'model__regressor__max_depth': 10, 'model__regressor__max_features': 0.5, 'model__regressor__min_samples_leaf': 10, 'model__regressor__min_samples_split': 2}",-0.1769606959297124,-0.18771439813457924,-0.18809378649052885,-0.17186654512161853,-0.1630436146878459,-0.17753580807285702,0.009566290497456708,1,-0.1282724156221731,-0.12922915415954783,-0.12714794026318588,-0.13579572798259085,-0.13058783353518422,-0.13020661431253638,0.003014483689694127
0.032840394973754884,0.004631635461095442,0.006714582443237305,0.0011362346419735788,10,0.5,10,3,"{'model__regressor__max_depth': 10, 'model__regressor__max_features': 0.5, 'model__regressor__min_samples_leaf': 10, 'model__regressor__min_samples_split': 3}",-0.1769606959297124,-0.18771439813457924,-0.18809378649052885,-0.17186654512161853,-0.1630436146878459,-0.17753580807285702,0.009566290497456708,1,-0.1282724156221731,-0.12922915415954783,-0.12714794026318588,-0.13579572798259085,-0.13058783353518422,-0.13020661431253638,0.003014483689694127
0.03282341957092285,0.0020200764319085545,0.0063289165496826175,0.0012733950960429068,10,0.5,10,5,"{'model__regressor__max_depth': 10, 'model__regressor__max_features': 0.5, 'model__regressor__min_samples_leaf': 10, 'model__regressor__min_samples_split': 5}",-0.1769606959297124,-0.18771439813457924,-0.18809378649052885,-0.17186654512161853,-0.1630436146878459,-0.17753580807285702,0.009566290497456708,1,-0.1282724156221731,-0.12922915415954783,-0.12714794026318588,-0.13579572798259085,-0.13058783353518422,-0.13020661431253638,0.003014483689694127
0.030217075347900392,0.0019273171706158066,0.006428861618041992,0.0015261525907048826,10,0.5,10,7,"{'model__regressor__max_depth': 10, 'model__regressor__max_features': 0.5, 'model__regressor__min_samples_leaf': 10, 'model__regressor__min_samples_split': 7}",-0.1769606959297124,-0.18771439813457924,-0.18809378649052885,-0.17186654512161853,-0.1630436146878459,-0.17753580807285702,0.009566290497456708,1,-0.1282724156221731,-0.12922915415954783,-0.12714794026318588,-0.13579572798259085,-0.13058783353518422,-0.13020661431253638,0.003014483689694127
0.03019604682922363,0.001550703563099959,0.006283092498779297,0.000837966648374023,10,0.5,10,10,"{'model__regressor__max_depth': 10, 'model__regressor__max_features': 0.5, 'model__regressor__min_samples_leaf': 10, 'model__regressor__min_samples_split': 10}",-0.1769606959297124,-0.18771439813457924,-0.18809378649052885,-0.17186654512161853,-0.1630436146878459,-0.17753580807285702,0.009566290497456708,1,-0.1282724156221731,-0.12922915415954783,-0.12714794026318588,-0.13579572798259085,-0.13058783353518422,-0.13020661431253638,0.003014483689694127
0.08012404441833496,0.0010931313397813552,0.0059048175811767575,0.0002909609232465883,,,1,2,"{'model__regressor__max_depth': None, 'model__regressor__max_features': None, 'model__regressor__min_samples_leaf': 1, 'model__regressor__min_samples_split': 2}",-0.23121111447813994,-0.2396166478864833,-0.19814551500050415,-0.19755734183458898,-0.20094586621869925,-0.21349529708368312,0.0181289690621111,499,-9.002630353187415e-17,-0.0,-0.0,-9.002630353187415e-17,-0.0,-3.6010521412749656e-17,4.4103701416402144e-17
0.07219901084899902,0.0018880596519578585,0.006507730484008789,0.0008214090587693172,,,1,3,"{'model__regressor__max_depth': None, 'model__regressor__max_features': None, 'model__regressor__min_samples_leaf': 1, 'model__regressor__min_samples_split': 3}",-0.21011309877069698,-0.229833892897688,-0.19307714570280052,-0.1973452321659271,-0.21545577734873522,-0.20916502937716955,0.013162080930319824,496,-0.01632297099306949,-0.016300383391095765,-0.01567526666922514,-0.0185703823613468,-0.022753238837336015,-0.017924448450414642,0.0026075115825720226
0.0646219253540039,0.0020239299789153375,0.0057144641876220705,0.000221153732593688,,,1,5,"{'model__regressor__max_depth': None, 'model__regressor__max_features': None, 'model__regressor__min_samples_leaf': 1, 'model__regressor__min_samples_split': 5}",-0.20710819115095727,-0.23536859575167376,-0.19226348117838135,-0.19528242040968635,-0.20656388571335685,-0.20731731484081112,0.015224600755437254,490,-0.03348389456559251,-0.03785613283413917,-0.0320381005382821,-0.03933360413771047,-0.03969791376193806,-0.03648192916753246,0.0031336517714922827
0.05772566795349121,0.0030963902676414985,0.00623321533203125,0.0007235369819500737,,,1,7,"{'model__regressor__max_depth': None, 'model__regressor__max_features': None, 'model__regressor__min_samples_leaf': 1, 'model__regressor__min_samples_split': 7}",-0.22267438159312974,-0.22558001790692678,-0.19237616942742483,-0.19174380552017498,-0.20586628314483896,-0.2076481315184991,0.014399278703821999,493,-0.045021468302462495,-0.05007131149532705,-0.04393080880096472,-0.04989041920133251,-0.04894502989318388,-0.04757180753865413,0.002579547314325769
0.05341424942016602,0.0006768700286257149,0.005753231048583984,0.00013137451304121524,,,1,10,"{'model__regressor__max_depth': None, 'model__regressor__max_features': None, 'model__regressor__min_samples_leaf': 1, 'model__regressor__min_samples_split': 10}",-0.21850268890425673,-0.22801892360551462,-0.2078409603204465,-0.1934432702970329,-0.19423654866475987,-0.2084084783584021,0.013502486953291634,495,-0.060553452597794294,-0.060094913285500935,-0.05754902306703378,-0.06258463112754642,-0.061947750245725505,-0.06054595406472019,0.0017496471711168232
0.05605802536010742,0.0015267279066056773,0.005903482437133789,9.429555776660684e-05,,,3,2,"{'model__regressor__max_depth': None, 'model__regressor__max_features': None, 'model__regressor__min_samples_leaf': 3, 'model__regressor__min_samples_split': 2}",-0.19452525278583493,-0.22305155577416463,-0.19238748388553575,-0.18906199269768556,-0.19953032985229632,-0.19971132299910344,0.012155175062501598,455,-0.06164157887140505,-0.06208753756883853,-0.06638138551478319,-0.06281779773517089,-0.06479045948516178,-0.06354375183507188,0.0017817000978320831
0.05509476661682129,0.0015663911899608143,0.006730270385742187,0.0013866747208951384,,,3,3,"{'model__regressor__max_depth': None, 'model__regressor__max_features': None, 'model__regressor__min_samples_leaf': 3, 'model__regressor__min_samples_split': 3}",-0.19452525278583493,-0.22305155577416463,-0.19238748388553575,-0.18906199269768556,-0.19953032985229632,-0.19971132299910344,0.012155175062501598,455,-0.06164157887140505,-0.06208753756883853,-0.06638138551478319,-0.06281779773517089,-0.06479045948516178,-0.06354375183507188,0.0017817000978320831
0.05517678260803223,0.002098519525952471,0.005972719192504883,0.00035869498310032663,,,3,5,"{'model__regressor__max_depth': None, 'model__regressor__max_features': None, 'model__regressor__min_samples_leaf': 3, 'model__regressor__min_samples_split': 5}",-0.19452525278583493,-0.22305155577416463,-0.19238748388553575,-0.18906199269768556,-0.19953032985229632,-0.19971132299910344,0.012155175062501598,455,-0.06164157887140505,-0.06208753756883853,-0.06638138551478319,-0.06281779773517089,-0.06479045948516178,-0.06354375183507188,0.0017817000978320831
0.0545656681060791,0.0014001178264335342,0.0064394474029541016,0.0005862072420606678,,,3,7,"{'model__regressor__max_depth': None, 'model__regressor__max_features': None, 'model__regressor__min_samples_leaf': 3, 'model__regressor__min_samples_split': 7}",-0.19379512532849014,-0.22044423010887518,-0.19131806417825287,-0.18699310656676071,-0.19805032901394853,-0.1981201710392655,0.011723094584418675,446,-0.06477770226138424,-0.066209824430385,-0.06934383000346785,-0.06629561866180528,-0.0713106844818394,-0.06758753196777637,0.002383640428453982
0.04956207275390625,0.001471774412309891,0.005913305282592774,0.0006704839209601353,,,3,10,"{'model__regressor__max_depth': None, 'model__regressor__max_features': None, 'model__regressor__min_samples_leaf': 3, 'model__regressor__min_samples_split': 10}",-0.19142070036735753,-0.2160063001800325,-0.19307040888177285,-0.18638803689602762,-0.1871807706076985,-0.19481324338657777,0.010889731141104796,408,-0.07695942320113337,-0.07466537525225908,-0.0825380977329198,-0.08010624821065057,-0.07945773482708404,-0.07874537584480938,0.002704817920561514
0.047156238555908205,0.0017032176390484638,0.007252264022827149,0.0017148689329854112,,,5,2,"{'model__regressor__max_depth': None, 'model__regressor__max_features': None, 'model__regressor__min_samples_leaf': 5, 'model__regressor__min_samples_split': 2}",-0.18053345309670096,-0.20935938872064572,-0.21000759325904872,-0.18695755183072912,-0.18282676753890378,-0.19393695088920568,0.013022435050423518,389,-0.08963549701401893,-0.09081900896973097,-0.09141970968978613,-0.09196523117468357,-0.09216744559440487,-0.0912013784885249,0.0009124271295575308
0.04659314155578613,0.00231785798411737,0.007032442092895508,0.0016161587520932101,,,5,3,"{'model__regressor__max_depth': None, 'model__regressor__max_features': None, 'model__regressor__min_samples_leaf': 5, 'model__regressor__min_samples_split': 3}",-0.18053345309670096,-0.20935938872064572,-0.21000759325904872,-0.18695755183072912,-0.18282676753890378,-0.19393695088920568,0.013022435050423518,389,-0.08963549701401893,-0.09081900896973097,-0.09141970968978613,-0.09196523117468357,-0.09216744559440487,-0.0912013784885249,0.0009124271295575308
0.04854340553283691,0.002130464267998872,0.00591120719909668,5.450534479321003e-05,,,5,5,"{'model__regressor__max_depth': None, 'model__regressor__max_features': None, 'model__regressor__min_samples_leaf': 5, 'model__regressor__min_samples_split': 5}",-0.18053345309670096,-0.20935938872064572,-0.21000759325904872,-0.18695755183072912,-0.18282676753890378,-0.19393695088920568,0.013022435050423518,389,-0.08963549701401893,-0.09081900896973097,-0.09141970968978613,-0.09196523117468357,-0.09216744559440487,-0.0912013784885249,0.0009124271295575308
0.04698405265808105,0.001532406854715723,0.006750774383544922,0.0011497444756746707,,,5,7,"{'model__regressor__max_depth': None, 'model__regressor__max_features': None, 'model__regressor__min_samples_leaf': 5, 'model__regressor__min_samples_split': 7}",-0.18053345309670096,-0.20935938872064572,-0.21000759325904872,-0.18695755183072912,-0.18282676753890378,-0.19393695088920568,0.013022435050423518,389,-0.08963549701401893,-0.09081900896973097,-0.09141970968978613,-0.09196523117468357,-0.09216744559440487,-0.0912013784885249,0.0009124271295575308
0.04947066307067871,0.0017508682130311245,0.005895757675170898,0.00012087945166266543,,,5,10,"{'model__regressor__max_depth': None, 'model__regressor__max_features': None, 'model__regressor__min_samples_leaf': 5, 'model__regressor__min_samples_split': 10}",-0.18053345309670096,-0.20935938872064572,-0.21000759325904872,-0.18695755183072912,-0.18282676753890378,-0.19393695088920568,0.013022435050423518,389,-0.08963549701401893,-0.09081900896973097,-0.09141970968978613,-0.09196523117468357,-0.09216744559440487,-0.0912013784885249,0.0009124271295575308
0.04294400215148926,0.001800628101395485,0.006493854522705078,0.0016174698307256598,,,7,2,"{'model__regressor__max_depth': None, 'model__regressor__max_features': None, 'model__regressor__min_samples_leaf': 7, 'model__regressor__min_samples_split': 2}",-0.17750691860559564,-0.20225978224261484,-0.18834019050098524,-0.18453328741830158,-0.1687972971559106,-0.1842874951846816,0.01118400920025589,106,-0.10739038679723915,-0.10519379293687771,-0.10781880916379367,-0.10828753706339928,-0.11045236370713196,-0.10782857793368836,0.0016869554912929058
0.042568206787109375,0.001537595099489696,0.007129287719726563,0.0015580233857922646,,,7,3,"{'model__regressor__max_depth': None, 'model__regressor__max_features': None, 'model__regressor__min_samples_leaf': 7, 'model__regressor__min_samples_split': 3}",-0.17750691860559564,-0.20225978224261484,-0.18834019050098524,-0.18453328741830158,-0.1687972971559106,-0.1842874951846816,0.01118400920025589,106,-0.10739038679723915,-0.10519379293687771,-0.10781880916379367,-0.10828753706339928,-0.11045236370713196,-0.10782857793368836,0.0016869554912929058
0.04301819801330566,0.00132072917020859,0.0062901973724365234,0.0012080533842038026,,,7,5,"{'model__regressor__max_depth': None, 'model__regressor__max_features': None, 'model__regressor__min_samples_leaf': 7, 'model__regressor__min_samples_split': 5}",-0.17750691860559564,-0.20225978224261484,-0.18834019050098524,-0.18453328741830158,-0.1687972971559106,-0.1842874951846816,0.01118400920025589,106,-0.10739038679723915,-0.10519379293687771,-0.10781880916379367,-0.10828753706339928,-0.11045236370713196,-0.10782857793368836,0.0016869554912929058
0.044142961502075195,0.0024504432697567266,0.006134986877441406,0.0008806993588840468,,,7,7,"{'model__regressor__max_depth': None, 'model__regressor__max_features': None, 'model__regressor__min_samples_leaf': 7, 'model__regressor__min_samples_split': 7}",-0.17750691860559564,-0.20225978224261484,-0.18834019050098524,-0.18453328741830158,-0.1687972971559106,-0.1842874951846816,0.01118400920025589,106,-0.10739038679723915,-0.10519379293687771,-0.10781880916379367,-0.10828753706339928,-0.11045236370713196,-0.10782857793368836,0.0016869554912929058
0.04189324378967285,0.0005707254165964847,0.0080902099609375,0.0014755911686464202,,,7,10,"{'model__regressor__max_depth': None, 'model__regressor__max_features': None, 'model__regressor__min_samples_leaf': 7, 'model__regressor__min_samples_split': 10}",-0.17750691860559564,-0.20225978224261484,-0.18834019050098524,-0.18453328741830158,-0.1687972971559106,-0.1842874951846816,0.01118400920025589,106,-0.10739038679723915,-0.10519379293687771,-0.10781880916379367,-0.10828753706339928,-0.11045236370713196,-0.10782857793368836,0.0016869554912929058
0.04015021324157715,0.0015997449567596981,0.005900859832763672,0.00014521997171621106,,,10,2,"{'model__regressor__max_depth': None, 'model__regressor__max_features': None, 'model__regressor__min_samples_leaf': 10, 'model__regressor__min_samples_split': 2}",-0.17953525708821996,-0.20499681627089344,-0.1832027217692701,-0.18475020845048654,-0.17026092441212404,-0.18454918559819883,0.01139519953297306,116,-0.12287381124147022,-0.12182378944238716,-0.12268021018003451,-0.12128965609504502,-0.12331843550445672,-0.12239718049267874,0.0007363940601678811
0.03850998878479004,0.0019330267100334524,0.006195974349975586,0.0010286617756937603,,,10,3,"{'model__regressor__max_depth': None, 'model__regressor__max_features': None, 'model__regressor__min_samples_leaf': 10, 'model__regressor__min_samples_split': 3}",-0.17953525708821996,-0.20499681627089344,-0.1832027217692701,-0.18475020845048654,-0.17026092441212404,-0.18454918559819883,0.01139519953297306,116,-0.12287381124147022,-0.12182378944238716,-0.12268021018003451,-0.12128965609504502,-0.12331843550445672,-0.12239718049267874,0.0007363940601678811
0.040909767150878906,0.0009115072491846063,0.005711889266967774,9.735849462079725e-05,,,10,5,"{'model__regressor__max_depth': None, 'model__regressor__max_features': None, 'model__regressor__min_samples_leaf': 10, 'model__regressor__min_samples_split': 5}",-0.17953525708821996,-0.20499681627089344,-0.1832027217692701,-0.18475020845048654,-0.17026092441212404,-0.18454918559819883,0.01139519953297306,116,-0.12287381124147022,-0.12182378944238716,-0.12268021018003451,-0.12128965609504502,-0.12331843550445672,-0.12239718049267874,0.0007363940601678811
0.038656187057495114,0.002358369128307225,0.006360626220703125,0.0008385308614248366,,,10,7,"{'model__regressor__max_depth': None, 'model__regressor__max_features': None, 'model__regressor__min_samples_leaf': 10, 'model__regressor__min_samples_split': 7}",-0.17953525708821996,-0.20499681627089344,-0.1832027217692701,-0.18475020845048654,-0.17026092441212404,-0.18454918559819883,0.01139519953297306,116,-0.12287381124147022,-0.12182378944238716,-0.12268021018003451,-0.12128965609504502,-0.12331843550445672,-0.12239718049267874,0.0007363940601678811
0.041297292709350585,0.001675990480628447,0.005493354797363281,0.00012364943779062865,,,10,10,"{'model__regressor__max_depth': None, 'model__regressor__max_features': None, 'model__regressor__min_samples_leaf': 10, 'model__regressor__min_samples_split': 10}",-0.17953525708821996,-0.20499681627089344,-0.1832027217692701,-0.18475020845048654,-0.17026092441212404,-0.18454918559819883,0.01139519953297306,116,-0.12287381124147022,-0.12182378944238716,-0.12268021018003451,-0.12128965609504502,-0.12331843550445672,-0.12239718049267874,0.0007363940601678811
0.07781295776367188,0.0023374724095706835,0.007163143157958985,0.0014538802847182605,,0.9,1,2,"{'model__regressor__max_depth': None, 'model__regressor__max_features': 0.9, 'model__regressor__min_samples_leaf': 1, 'model__regressor__min_samples_split': 2}",-0.19365181572075224,-0.21057442194137405,-0.1898669061410886,-0.1942970223205274,-0.19879794758627506,-0.19743762274200347,0.007154543067833543,427,-1.2731641942509328e-16,-0.0,-9.002630353187415e-17,-0.0,-0.0,-4.3468544591393486e-17,5.452822047044922e-17
0.06703977584838867,0.0009835309897923365,0.006060743331909179,0.00031923909787361386,,0.9,1,3,"{'model__regressor__max_depth': None, 'model__regressor__max_features': 0.9, 'model__regressor__min_samples_leaf': 1, 'model__regressor__min_samples_split': 3}",-0.21051877476408323,-0.21107192594937893,-0.19644024096831836,-0.19072552456201985,-0.19098739645695056,-0.19994877254015017,0.00908992681093038,460,-0.018378652501929275,-0.023205250803561953,-0.015318071162280756,-0.017977541512766263,-0.016709463390969487,-0.018317795874301546,0.0026680245115092605
0.060643482208251956,0.0027659187290299415,0.0057985782623291016,9.630694143560121e-05,,0.9,1,5,"{'model__regressor__max_depth': None, 'model__regressor__max_features': 0.9, 'model__regressor__min_samples_leaf': 1, 'model__regressor__min_samples_split': 5}",-0.2031769458054025,-0.23499699888330014,-0.1902235444844017,-0.19176102850684631,-0.18291499504154574,-0.2006147025442993,0.018375803370422824,463,-0.038222339838315494,-0.03658268063486153,-0.03485403048595586,-0.03766588481220828,-0.03894962687773908,-0.03725491252981605,0.0014277955626983687
0.05417599678039551,0.002676055332422018,0.006514692306518554,0.0012161288630062985,,0.9,1,7,"{'model__regressor__max_depth': None, 'model__regressor__max_features': 0.9, 'model__regressor__min_samples_leaf': 1, 'model__regressor__min_samples_split': 7}",-0.20245512453354647,-0.2397298879594176,-0.1901979372563867,-0.18939733780750342,-0.17710683172932845,-0.1997774238572365,0.021525974849533162,458,-0.04788215880459338,-0.05406820798292298,-0.04537534255831098,-0.04972326511831586,-0.0511540860197794,-0.04964061209678452,0.0029389019168782116
0.05053396224975586,0.0015110615966598942,0.005790615081787109,0.00020536577600231923,,0.9,1,10,"{'model__regressor__max_depth': None, 'model__regressor__max_features': 0.9, 'model__regressor__min_samples_leaf': 1, 'model__regressor__min_samples_split': 10}",-0.19341301566275762,-0.20995285750074125,-0.20339445334054723,-0.2055327949186585,-0.18036540479978752,-0.19853170524449842,0.010576575527204098,449,-0.0578284173190519,-0.06078626972464159,-0.05971103712874673,-0.06213210986944919,-0.06673092028308485,-0.06143775086499485,0.0029977669544086656
0.052925491333007814,0.0023781210419967992,0.006492471694946289,0.0013781860039301331,,0.9,3,2,"{'model__regressor__max_depth': None, 'model__regressor__max_features': 0.9, 'model__regressor__min_samples_leaf': 3, 'model__regressor__min_samples_split': 2}",-0.19463084138679365,-0.20936902794987416,-0.18507984846852765,-0.18354752268020277,-0.18429765580730922,-0.1913849792585415,0.00985263601161393,294,-0.06241306458561384,-0.06545515783247786,-0.06789066586394783,-0.06794091315691975,-0.0653278985683445,-0.06580554000146074,0.002038007204381946
0.05208220481872559,0.0013356101942332882,0.006901741027832031,0.0015012428742436842,,0.9,3,3,"{'model__regressor__max_depth': None, 'model__regressor__max_features': 0.9, 'model__regressor__min_samples_leaf': 3, 'model__regressor__min_samples_split': 3}",-0.19463084138679365,-0.20936902794987416,-0.18507984846852765,-0.18354752268020277,-0.18429765580730922,-0.1913849792585415,0.00985263601161393,294,-0.06241306458561384,-0.06545515783247786,-0.06789066586394783,-0.06794091315691975,-0.0653278985683445,-0.06580554000146074,0.002038007204381946
0.05179972648620605,0.0015358729999304433,0.0063651084899902345,0.0010007310834706374,,0.9,3,5,"{'model__regressor__max_depth': None, 'model__regressor__max_features': 0.9, 'model__regressor__min_samples_leaf': 3, 'model__regressor__min_samples_split': 5}",-0.19463084138679365,-0.20936902794987416,-0.18507984846852765,-0.18354752268020277,-0.18429765580730922,-0.1913849792585415,0.00985263601161393,294,-0.06241306458561384,-0.06545515783247786,-0.06789066586394783,-0.06794091315691975,-0.0653278985683445,-0.06580554000146074,0.002038007204381946
0.04977397918701172,0.0003272880621657121,0.005761241912841797,0.0002652114348427449,,0.9,3,7,"{'model__regressor__max_depth': None, 'model__regressor__max_features': 0.9, 'model__regressor__min_samples_leaf': 3, 'model__regressor__min_samples_split': 7}",-0.1855547782143302,-0.22423433801076037,-0.1805512942925746,-0.19559622237996369,-0.18314868955814365,-0.1938170644911545,0.016040175736897973,387,-0.06650559914748373,-0.06672858404669976,-0.07191095425261397,-0.07500829816930668,-0.07371575629879538,-0.07077383838297992,0.0035344168408101093
0.049598073959350585,0.0023343007393075853,0.0057852745056152345,0.0001453893150942327,,0.9,3,10,"{'model__regressor__max_depth': None, 'model__regressor__max_features': 0.9, 'model__regressor__min_samples_leaf': 3, 'model__regressor__min_samples_split': 10}",-0.19052385101400038,-0.21909910849058747,-0.19159253624272832,-0.19004517853260178,-0.1792012526883969,-0.19409238539366297,0.01328492077556043,395,-0.07579473512944561,-0.07470283193305102,-0.0820815041946845,-0.07948913677591962,-0.08395631087899807,-0.07920490378241976,0.0035448381881957977
0.04453129768371582,0.0019377460909488994,0.007586812973022461,0.001712627647897291,,0.9,5,2,"{'model__regressor__max_depth': None, 'model__regressor__max_features': 0.9, 'model__regressor__min_samples_leaf': 5, 'model__regressor__min_samples_split': 2}",-0.19035187238641338,-0.20619218931610037,-0.21121992118665248,-0.18467593915163838,-0.1715211137428012,-0.19279220715672116,0.014445958752438832,353,-0.0884458819067703,-0.09203628271027482,-0.0930649349684008,-0.09221884370262032,-0.09304768739985159,-0.09176272613758356,0.0017106259303345489
0.04289240837097168,0.0014933072398067365,0.00866703987121582,0.0008322911474943441,,0.9,5,3,"{'model__regressor__max_depth': None, 'model__regressor__max_features': 0.9, 'model__regressor__min_samples_leaf': 5, 'model__regressor__min_samples_split': 3}",-0.19035187238641338,-0.20619218931610037,-0.21121992118665248,-0.18467593915163838,-0.1715211137428012,-0.19279220715672116,0.014445958752438832,353,-0.0884458819067703,-0.09203628271027482,-0.0930649349684008,-0.09221884370262032,-0.09304768739985159,-0.09176272613758356,0.0017106259303345489
0.04436016082763672,0.0017862539715186336,0.006602573394775391,0.001477858892763661,,0.9,5,5,"{'model__regressor__max_depth': None, 'model__regressor__max_features': 0.9, 'model__regressor__min_samples_leaf': 5, 'model__regressor__min_samples_split': 5}",-0.19035187238641338,-0.20619218931610037,-0.21121992118665248,-0.18467593915163838,-0.1715211137428012,-0.19279220715672116,0.014445958752438832,353,-0.0884458819067703,-0.09203628271027482,-0.0930649349684008,-0.09221884370262032,-0.09304768739985159,-0.09176272613758356,0.0017106259303345489
0.04519443511962891,0.0018715836616066011,0.006558084487915039,0.0011515487409533602,,0.9,5,7,"{'model__regressor__max_depth': None, 'model__regressor__max_features': 0.9, 'model__regressor__min_samples_leaf': 5, 'model__regressor__min_samples_split': 7}",-0.19035187238641338,-0.20619218931610037,-0.21121992118665248,-0.18467593915163838,-0.1715211137428012,-0.19279220715672116,0.014445958752438832,353,-0.0884458819067703,-0.09203628271027482,-0.0930649349684008,-0.09221884370262032,-0.09304768739985159,-0.09176272613758356,0.0017106259303345489
0.043853378295898436,0.0010695311685215848,0.0061362266540527345,0.00039162497913262294,,0.9,5,10,"{'model__regressor__max_depth': None, 'model__regressor__max_features': 0.9, 'model__regressor__min_samples_leaf': 5, 'model__regressor__min_samples_split': 10}",-0.19035187238641338,-0.20619218931610037,-0.21121992118665248,-0.18467593915163838,-0.1715211137428012,-0.19279220715672116,0.014445958752438832,353,-0.0884458819067703,-0.09203628271027482,-0.0930649349684008,-0.09221884370262032,-0.09304768739985159,-0.09176272613758356,0.0017106259303345489
0.03932347297668457,0.0013003996489184264,0.00809016227722168,0.001368456081273581,,0.9,7,2,"{'model__regressor__max_depth': None, 'model__regressor__max_features': 0.9, 'model__regressor__min_samples_leaf': 7, 'model__regressor__min_samples_split': 2}",-0.1815225355302787,-0.19432508964528666,-0.19376989009838178,-0.17613032765301084,-0.16338530140432364,-0.1818266288662563,0.011588579632819467,46,-0.10699573856016564,-0.10984073948463702,-0.10836811489547554,-0.10712334523030399,-0.11058157881732057,-0.10858190339758056,0.0014333447890023518
0.0407315731048584,0.0013569531932387502,0.00581965446472168,0.00034004416223353917,,0.9,7,3,"{'model__regressor__max_depth': None, 'model__regressor__max_features': 0.9, 'model__regressor__min_samples_leaf': 7, 'model__regressor__min_samples_split': 3}",-0.1815225355302787,-0.19432508964528666,-0.19376989009838178,-0.17613032765301084,-0.16338530140432364,-0.1818266288662563,0.011588579632819467,46,-0.10699573856016564,-0.10984073948463702,-0.10836811489547554,-0.10712334523030399,-0.11058157881732057,-0.10858190339758056,0.0014333447890023518
0.04026970863342285,0.0012788797793836443,0.006048440933227539,0.0006694333829599448,,0.9,7,5,"{'model__regressor__max_depth': None, 'model__regressor__max_features': 0.9, 'model__regressor__min_samples_leaf': 7, 'model__regressor__min_samples_split': 5}",-0.1815225355302787,-0.19432508964528666,-0.19376989009838178,-0.17613032765301084,-0.16338530140432364,-0.1818266288662563,0.011588579632819467,46,-0.10699573856016564,-0.10984073948463702,-0.10836811489547554,-0.10712334523030399,-0.11058157881732057,-0.10858190339758056,0.0014333447890023518
0.04045886993408203,0.0011403435013127145,0.006102752685546875,0.0007290089832465748,,0.9,7,7,"{'model__regressor__max_depth': None, 'model__regressor__max_features': 0.9, 'model__regressor__min_samples_leaf': 7, 'model__regressor__min_samples_split': 7}",-0.1815225355302787,-0.19432508964528666,-0.19376989009838178,-0.17613032765301084,-0.16338530140432364,-0.1818266288662563,0.011588579632819467,46,-0.10699573856016564,-0.10984073948463702,-0.10836811489547554,-0.10712334523030399,-0.11058157881732057,-0.10858190339758056,0.0014333447890023518
0.03917856216430664,0.0013278012284941945,0.006826639175415039,0.001696607850656377,,0.9,7,10,"{'model__regressor__max_depth': None, 'model__regressor__max_features': 0.9, 'model__regressor__min_samples_leaf': 7, 'model__regressor__min_samples_split': 10}",-0.1815225355302787,-0.19432508964528666,-0.19376989009838178,-0.17613032765301084,-0.16338530140432364,-0.1818266288662563,0.011588579632819467,46,-0.10699573856016564,-0.10984073948463702,-0.10836811489547554,-0.10712334523030399,-0.11058157881732057,-0.10858190339758056,0.0014333447890023518
0.03685817718505859,0.0004320625832057346,0.006350851058959961,0.0013943548265885862,,0.9,10,2,"{'model__regressor__max_depth': None, 'model__regressor__max_features': 0.9, 'model__regressor__min_samples_leaf': 10, 'model__regressor__min_samples_split': 2}",-0.17465403859779668,-0.20676380483333906,-0.1837515551764821,-0.1863854045907474,-0.16928684773789335,-0.1841683301872517,0.012865650851332393,91,-0.12358789351425295,-0.12380868224413732,-0.12338507121620783,-0.12593181174852974,-0.12358493692017375,-0.12405967912866031,0.0009456148950226359
0.03736896514892578,0.0009350337198600955,0.005686426162719726,0.00010955665519014786,,0.9,10,3,"{'model__regressor__max_depth': None, 'model__regressor__max_features': 0.9, 'model__regressor__min_samples_leaf': 10, 'model__regressor__min_samples_split': 3}",-0.17465403859779668,-0.20676380483333906,-0.1837515551764821,-0.1863854045907474,-0.16928684773789335,-0.1841683301872517,0.012865650851332393,91,-0.12358789351425295,-0.12380868224413732,-0.12338507121620783,-0.12593181174852974,-0.12358493692017375,-0.12405967912866031,0.0009456148950226359
0.0365020751953125,0.0013307183296112064,0.00561065673828125,0.00023230762501100244,,0.9,10,5,"{'model__regressor__max_depth': None, 'model__regressor__max_features': 0.9, 'model__regressor__min_samples_leaf': 10, 'model__regressor__min_samples_split': 5}",-0.17465403859779668,-0.20676380483333906,-0.1837515551764821,-0.1863854045907474,-0.16928684773789335,-0.1841683301872517,0.012865650851332393,91,-0.12358789351425295,-0.12380868224413732,-0.12338507121620783,-0.12593181174852974,-0.12358493692017375,-0.12405967912866031,0.0009456148950226359
0.037216472625732425,0.00208687915156952,0.005958032608032226,0.0006025014658845205,,0.9,10,7,"{'model__regressor__max_depth': None, 'model__regressor__max_features': 0.9, 'model__regressor__min_samples_leaf': 10, 'model__regressor__min_samples_split': 7}",-0.17465403859779668,-0.20676380483333906,-0.1837515551764821,-0.1863854045907474,-0.16928684773789335,-0.1841683301872517,0.012865650851332393,91,-0.12358789351425295,-0.12380868224413732,-0.12338507121620783,-0.12593181174852974,-0.12358493692017375,-0.12405967912866031,0.0009456148950226359
0.03582830429077148,0.0005597254508760461,0.006052923202514648,0.0010455499471376656,,0.9,10,10,"{'model__regressor__max_depth': None, 'model__regressor__max_features': 0.9, 'model__regressor__min_samples_leaf': 10, 'model__regressor__min_samples_split': 10}",-0.17465403859779668,-0.20676380483333906,-0.1837515551764821,-0.1863854045907474,-0.16928684773789335,-0.1841683301872517,0.012865650851332393,91,-0.12358789351425295,-0.12380868224413732,-0.12338507121620783,-0.12593181174852974,-0.12358493692017375,-0.12405967912866031,0.0009456148950226359
0.07145915031433106,0.0022364751010515824,0.006011247634887695,0.000545471822480149,,0.8,1,2,"{'model__regressor__max_depth': None, 'model__regressor__max_features': 0.8, 'model__regressor__min_samples_leaf': 1, 'model__regressor__min_samples_split': 2}",-0.18431462618300698,-0.21411255305965998,-0.2004956396050737,-0.19015400642193664,-0.20111737973937227,-0.19803884100180993,0.010241114863128536,440,-0.0,-0.0,-9.002630353187415e-17,-9.002630353187415e-17,-9.002630353187415e-17,-5.401578211912449e-17,4.410370141640215e-17
0.06260733604431153,0.0017421009399632037,0.005960845947265625,0.0004557294299869614,,0.8,1,3,"{'model__regressor__max_depth': None, 'model__regressor__max_features': 0.8, 'model__regressor__min_samples_leaf': 1, 'model__regressor__min_samples_split': 3}",-0.2025836944861972,-0.2044678840212371,-0.21375892301737065,-0.20590079615758483,-0.19973400560394503,-0.20528906065726696,0.004710939663252288,484,-0.01933226123067539,-0.017178616923225042,-0.01848969454691975,-0.024667749297745515,-0.02221573772534293,-0.020376811944781727,0.002708303567070571
0.05476675033569336,0.003077111695352474,0.005623817443847656,0.00021404258156603023,,0.8,1,5,"{'model__regressor__max_depth': None, 'model__regressor__max_features': 0.8, 'model__regressor__min_samples_leaf': 1, 'model__regressor__min_samples_split': 5}",-0.18997518636250163,-0.22405002473335836,-0.21674814674307702,-0.20394178547768124,-0.19645888783537507,-0.20623480623039864,0.01259455518810241,488,-0.03417709921978755,-0.03534962110159474,-0.03756838885502724,-0.035075721940942016,-0.04139700235939648,-0.0367135666953496,0.00259390982190168
0.04995913505554199,0.0026405983416494844,0.007253599166870117,0.0013109128408696417,,0.8,1,7,"{'model__regressor__max_depth': None, 'model__regressor__max_features': 0.8, 'model__regressor__min_samples_leaf': 1, 'model__regressor__min_samples_split': 7}",-0.20218198421691747,-0.21995351980448816,-0.21545981646286363,-0.1772275720029231,-0.2011353702968084,-0.20319165255680013,0.014905363096232773,478,-0.041408092104976424,-0.046287598700237194,-0.052326523125904106,-0.048798546009176665,-0.05149948474888823,-0.04806404893783652,0.003948871438048342
0.04619731903076172,0.0009705957467801464,0.006479024887084961,0.0010082081979430864,,0.8,1,10,"{'model__regressor__max_depth': None, 'model__regressor__max_features': 0.8, 'model__regressor__min_samples_leaf': 1, 'model__regressor__min_samples_split': 10}",-0.18369855672739302,-0.20594097048290938,-0.20625004233783537,-0.18813885842660769,-0.18946624885768298,-0.1946989353664857,0.009499846036461831,406,-0.05812330305180268,-0.0642054545298752,-0.06785027316313912,-0.06844571017303384,-0.07051258273148066,-0.06582746472986631,0.004356198298931246
0.04996247291564941,0.002120536630509111,0.006456327438354492,0.0008656410599451504,,0.8,3,2,"{'model__regressor__max_depth': None, 'model__regressor__max_features': 0.8, 'model__regressor__min_samples_leaf': 3, 'model__regressor__min_samples_split': 2}",-0.19802865728741664,-0.20644282530425628,-0.18365726382060274,-0.17645623320970305,-0.20734228794245277,-0.1943854535128863,0.012353814807151461,397,-0.06403988855259402,-0.06469384646737895,-0.06550203750355074,-0.06729784290176787,-0.06777070652793969,-0.06586086439064626,0.0014504512954047564
0.0478116512298584,0.0005273938522570372,0.005810880661010742,0.0002541018015100462,,0.8,3,3,"{'model__regressor__max_depth': None, 'model__regressor__max_features': 0.8, 'model__regressor__min_samples_leaf': 3, 'model__regressor__min_samples_split': 3}",-0.19802865728741664,-0.20644282530425628,-0.18365726382060274,-0.17645623320970305,-0.20734228794245277,-0.1943854535128863,0.012353814807151461,397,-0.06403988855259402,-0.06469384646737895,-0.06550203750355074,-0.06729784290176787,-0.06777070652793969,-0.06586086439064626,0.0014504512954047564
0.04799075126647949,0.001098483950162442,0.00652003288269043,0.0015790725461315802,,0.8,3,5,"{'model__regressor__max_depth': None, 'model__regressor__max_features': 0.8, 'model__regressor__min_samples_leaf': 3, 'model__regressor__min_samples_split': 5}",-0.19802865728741664,-0.20644282530425628,-0.18365726382060274,-0.17645623320970305,-0.20734228794245277,-0.1943854535128863,0.012353814807151461,397,-0.06403988855259402,-0.06469384646737895,-0.06550203750355074,-0.06729784290176787,-0.06777070652793969,-0.06586086439064626,0.0014504512954047564
0.04630413055419922,0.001842574132588794,0.006387042999267578,0.0010950426002793701,,0.8,3,7,"{'model__regressor__max_depth': None, 'model__regressor__max_features': 0.8, 'model__regressor__min_samples_leaf': 3, 'model__regressor__min_samples_split': 7}",-0.19018464264166207,-0.20158474468401696,-0.19733723975894824,-0.20040455344097982,-0.196223213472553,-0.19714687879963202,0.003991722057641093,425,-0.06873740380102547,-0.0685755653403542,-0.07092373561497418,-0.07414979233687215,-0.07332158745685295,-0.07114161691001579,0.0022897041107598414
0.04442758560180664,0.0008575871734991239,0.006194162368774414,0.0007761903997697943,,0.8,3,10,"{'model__regressor__max_depth': None, 'model__regressor__max_features': 0.8, 'model__regressor__min_samples_leaf': 3, 'model__regressor__min_samples_split': 10}",-0.19449968297594747,-0.21423858632728351,-0.19047556658347778,-0.18280523716284872,-0.19205267553377614,-0.19481434971666672,0.01046967669761105,409,-0.07651673535776139,-0.07842948857701855,-0.08764418346482468,-0.08992038971576045,-0.08558628953165012,-0.08361941732940303,0.0052374236674830555
0.04085483551025391,0.001651052585831255,0.0070226192474365234,0.0018130166144709348,,0.8,5,2,"{'model__regressor__max_depth': None, 'model__regressor__max_features': 0.8, 'model__regressor__min_samples_leaf': 5, 'model__regressor__min_samples_split': 2}",-0.1837699225886005,-0.21127444443028787,-0.19901690908931635,-0.17624565042719073,-0.18821364266116944,-0.191704113839313,0.012252131934653451,316,-0.0929922388629441,-0.09238965834597719,-0.09609424421676856,-0.09956178889126291,-0.09339368734507283,-0.09488632353240511,0.002659620472079976
0.04134697914123535,0.0021286765795735943,0.005596923828125,9.544171777926262e-05,,0.8,5,3,"{'model__regressor__max_depth': None, 'model__regressor__max_features': 0.8, 'model__regressor__min_samples_leaf': 5, 'model__regressor__min_samples_split': 3}",-0.1837699225886005,-0.21127444443028787,-0.19901690908931635,-0.17624565042719073,-0.18821364266116944,-0.191704113839313,0.012252131934653451,316,-0.0929922388629441,-0.09238965834597719,-0.09609424421676856,-0.09956178889126291,-0.09339368734507283,-0.09488632353240511,0.002659620472079976
0.04132423400878906,0.0004966983041896075,0.0062366962432861325,0.0011643231943819566,,0.8,5,5,"{'model__regressor__max_depth': None, 'model__regressor__max_features': 0.8, 'model__regressor__min_samples_leaf': 5, 'model__regressor__min_samples_split': 5}",-0.1837699225886005,-0.21127444443028787,-0.19901690908931635,-0.17624565042719073,-0.18821364266116944,-0.191704113839313,0.012252131934653451,316,-0.0929922388629441,-0.09238965834597719,-0.09609424421676856,-0.09956178889126291,-0.09339368734507283,-0.09488632353240511,0.002659620472079976
0.04314160346984863,0.0015531083056005545,0.005761146545410156,0.00016052445133501837,,0.8,5,7,"{'model__regressor__max_depth': None, 'model__regressor__max_features': 0.8, 'model__regressor__min_samples_leaf': 5, 'model__regressor__min_samples_split': 7}",-0.1837699225886005,-0.21127444443028787,-0.19901690908931635,-0.17624565042719073,-0.18821364266116944,-0.191704113839313,0.012252131934653451,316,-0.0929922388629441,-0.09238965834597719,-0.09609424421676856,-0.09956178889126291,-0.09339368734507283,-0.09488632353240511,0.002659620472079976
0.04257941246032715,0.000974387780280442,0.006019163131713867,0.00032969689396778823,,0.8,5,10,"{'model__regressor__max_depth': None, 'model__regressor__max_features': 0.8, 'model__regressor__min_samples_leaf': 5, 'model__regressor__min_samples_split': 10}",-0.1837699225886005,-0.21127444443028787,-0.19901690908931635,-0.17624565042719073,-0.18821364266116944,-0.191704113839313,0.012252131934653451,316,-0.0929922388629441,-0.09238965834597719,-0.09609424421676856,-0.09956178889126291,-0.09339368734507283,-0.09488632353240511,0.002659620472079976
0.036913585662841794,0.0012753131648002313,0.006466722488403321,0.0014215827655486729,,0.8,7,2,"{'model__regressor__max_depth': None, 'model__regressor__max_features': 0.8, 'model__regressor__min_samples_leaf': 7, 'model__regressor__min_samples_split': 2}",-0.17749405601485815,-0.1999582806882821,-0.18575416711024056,-0.16779724588453196,-0.1719967963929255,-0.18060010921816766,0.011391935595250792,26,-0.10438449079423516,-0.10537738248632536,-0.1106809704722741,-0.11257992064985253,-0.11234866984054015,-0.10907428684864547,0.003500107812291359
0.03700861930847168,0.0016102588673193277,0.008341789245605469,0.001978573839532711,,0.8,7,3,"{'model__regressor__max_depth': None, 'model__regressor__max_features': 0.8, 'model__regressor__min_samples_leaf': 7, 'model__regressor__min_samples_split': 3}",-0.17749405601485815,-0.1999582806882821,-0.18575416711024056,-0.16779724588453196,-0.1719967963929255,-0.18060010921816766,0.011391935595250792,26,-0.10438449079423516,-0.10537738248632536,-0.1106809704722741,-0.11257992064985253,-0.11234866984054015,-0.10907428684864547,0.003500107812291359
0.038794088363647464,0.001694577304733465,0.006448888778686523,0.0012600973716281254,,0.8,7,5,"{'model__regressor__max_depth': None, 'model__regressor__max_features': 0.8, 'model__regressor__min_samples_leaf': 7, 'model__regressor__min_samples_split': 5}",-0.17749405601485815,-0.1999582806882821,-0.18575416711024056,-0.16779724588453196,-0.1719967963929255,-0.18060010921816766,0.011391935595250792,26,-0.10438449079423516,-0.10537738248632536,-0.1106809704722741,-0.11257992064985253,-0.11234866984054015,-0.10907428684864547,0.003500107812291359
0.039211177825927736,0.00024191263521447187,0.005696010589599609,0.00015626190126717847,,0.8,7,7,"{'model__regressor__max_depth': None, 'model__regressor__max_features': 0.8, 'model__regressor__min_samples_leaf': 7, 'model__regressor__min_samples_split': 7}",-0.17749405601485815,-0.1999582806882821,-0.18575416711024056,-0.16779724588453196,-0.1719967963929255,-0.18060010921816766,0.011391935595250792,26,-0.10438449079423516,-0.10537738248632536,-0.1106809704722741,-0.11257992064985253,-0.11234866984054015,-0.10907428684864547,0.003500107812291359
0.03870458602905273,0.0015787094388561582,0.005687570571899414,0.0001813331276721896,,0.8,7,10,"{'model__regressor__max_depth': None, 'model__regressor__max_features': 0.8, 'model__regressor__min_samples_leaf': 7, 'model__regressor__min_samples_split': 10}",-0.17749405601485815,-0.1999582806882821,-0.18575416711024056,-0.16779724588453196,-0.1719967963929255,-0.18060010921816766,0.011391935595250792,26,-0.10438449079423516,-0.10537738248632536,-0.1106809704722741,-0.11257992064985253,-0.11234866984054015,-0.10907428684864547,0.003500107812291359
0.03463635444641113,0.00043266614073789595,0.00785050392150879,0.0010044526646261493,,0.8,10,2,"{'model__regressor__max_depth': None, 'model__regressor__max_features': 0.8, 'model__regressor__min_samples_leaf': 10, 'model__regressor__min_samples_split': 2}",-0.19208574972275838,-0.18400552474399545,-0.18687641991226928,-0.16090065221090258,-0.182248984340639,-0.18122346618611293,0.010693487687712545,41,-0.12415308613322722,-0.12202182972219837,-0.12660586110573166,-0.12545215711629926,-0.12537899510705966,-0.12472238583690323,0.0015574521773364606
0.03556947708129883,0.0014867149707201953,0.006885051727294922,0.0016076235001943708,,0.8,10,3,"{'model__regressor__max_depth': None, 'model__regressor__max_features': 0.8, 'model__regressor__min_samples_leaf': 10, 'model__regressor__min_samples_split': 3}",-0.19208574972275838,-0.18400552474399545,-0.18687641991226928,-0.16090065221090258,-0.182248984340639,-0.18122346618611293,0.010693487687712545,41,-0.12415308613322722,-0.12202182972219837,-0.12660586110573166,-0.12545215711629926,-0.12537899510705966,-0.12472238583690323,0.0015574521773364606
0.03510828018188476,0.001207763681053055,0.005700874328613281,0.00016658027503824434,,0.8,10,5,"{'model__regressor__max_depth': None, 'model__regressor__max_features': 0.8, 'model__regressor__min_samples_leaf': 10, 'model__regressor__min_samples_split': 5}",-0.19208574972275838,-0.18400552474399545,-0.18687641991226928,-0.16090065221090258,-0.182248984340639,-0.18122346618611293,0.010693487687712545,41,-0.12415308613322722,-0.12202182972219837,-0.12660586110573166,-0.12545215711629926,-0.12537899510705966,-0.12472238583690323,0.0015574521773364606
0.03428077697753906,0.0013584547092226156,0.006026506423950195,0.0010414587371229112,,0.8,10,7,"{'model__regressor__max_depth': None, 'model__regressor__max_features': 0.8, 'model__regressor__min_samples_leaf': 10, 'model__regressor__min_samples_split': 7}",-0.19208574972275838,-0.18400552474399545,-0.18687641991226928,-0.16090065221090258,-0.182248984340639,-0.18122346618611293,0.010693487687712545,41,-0.12415308613322722,-0.12202182972219837,-0.12660586110573166,-0.12545215711629926,-0.12537899510705966,-0.12472238583690323,0.0015574521773364606
0.03485574722290039,0.001121602053454086,0.0061398506164550785,0.0006844960551094588,,0.8,10,10,"{'model__regressor__max_depth': None, 'model__regressor__max_features': 0.8, 'model__regressor__min_samples_leaf': 10, 'model__regressor__min_samples_split': 10}",-0.19208574972275838,-0.18400552474399545,-0.18687641991226928,-0.16090065221090258,-0.182248984340639,-0.18122346618611293,0.010693487687712545,41,-0.12415308613322722,-0.12202182972219837,-0.12660586110573166,-0.12545215711629926,-0.12537899510705966,-0.12472238583690323,0.0015574521773364606
0.06709117889404297,0.0006968461163574805,0.006487369537353516,0.0007805053641437434,,0.7,1,2,"{'model__regressor__max_depth': None, 'model__regressor__max_features': 0.7, 'model__regressor__min_samples_leaf': 1, 'model__regressor__min_samples_split': 2}",-0.21208191268464657,-0.2239332107445985,-0.22686142952180313,-0.21560339827340283,-0.19807805467251818,-0.21531160117939385,0.010151274252582977,500,-0.0,-0.0,-0.0,-0.0,-0.0,0.0,0.0
0.05681099891662598,0.001667003436435489,0.007268333435058593,0.0012720782532643204,,0.7,1,3,"{'model__regressor__max_depth': None, 'model__regressor__max_features': 0.7, 'model__regressor__min_samples_leaf': 1, 'model__regressor__min_samples_split': 3}",-0.2098075935793684,-0.2272548576262143,-0.21019818330466433,-0.1912329347799998,-0.19515537573793654,-0.20672978900563668,0.012782023433472373,489,-0.017725958636983816,-0.0164471349554233,-0.017820149125412795,-0.019588580437195358,-0.02123864788879424,-0.0185640942087619,0.001669745574849015
0.05275139808654785,0.0025141929433398786,0.007259178161621094,0.0011839233981469942,,0.7,1,5,"{'model__regressor__max_depth': None, 'model__regressor__max_features': 0.7, 'model__regressor__min_samples_leaf': 1, 'model__regressor__min_samples_split': 5}",-0.2124706785263916,-0.2197068397509109,-0.19208812205554046,-0.2128981474597667,-0.1998624772446686,-0.20740525300745566,0.009986665393059658,491,-0.03136709840043427,-0.03613565257632707,-0.040809304433371,-0.03455680666590247,-0.039376136499937944,-0.03644899971519455,0.0033788959418762127
0.049516820907592775,0.0026256348509856825,0.007863378524780274,0.001482306865506703,,0.7,1,7,"{'model__regressor__max_depth': None, 'model__regressor__max_features': 0.7, 'model__regressor__min_samples_leaf': 1, 'model__regressor__min_samples_split': 7}",-0.19443790045237638,-0.21285215446414416,-0.21264948924363575,-0.19019326450641896,-0.19302834078072564,-0.2006322298894602,0.009989013204695175,464,-0.04441400090200795,-0.048240475293048514,-0.05036440655383497,-0.0562315909045923,-0.050455946321948664,-0.04994128399508648,0.0038328965459075355
0.04361152648925781,0.002099361794286885,0.005806255340576172,0.0002338801148136563,,0.7,1,10,"{'model__regressor__max_depth': None, 'model__regressor__max_features': 0.7, 'model__regressor__min_samples_leaf': 1, 'model__regressor__min_samples_split': 10}",-0.19616678826507097,-0.19843828166688485,-0.19381420331660995,-0.19522563904420617,-0.1903130261052769,-0.19479158767960977,0.0026978045979023967,407,-0.06674510420707344,-0.06671469451640681,-0.06671549705368934,-0.07527030915542594,-0.07128966787605344,-0.06934705456172979,0.0034491521116112936
0.048171043395996094,0.0029862813936414366,0.006586742401123047,0.0012707750739056403,,0.7,3,2,"{'model__regressor__max_depth': None, 'model__regressor__max_features': 0.7, 'model__regressor__min_samples_leaf': 3, 'model__regressor__min_samples_split': 2}",-0.19272750731537136,-0.2255947136128874,-0.20156848569962726,-0.18311304310349794,-0.2010769282087168,-0.20081613558802017,0.014095654388956335,465,-0.06407667571370251,-0.06374962096169087,-0.06993563439555754,-0.0736475013735527,-0.06680035210020246,-0.06764195690894122,0.0037389123688716863
0.04632158279418945,0.0031243271190288125,0.005758523941040039,0.0002621596749681474,,0.7,3,3,"{'model__regressor__max_depth': None, 'model__regressor__max_features': 0.7, 'model__regressor__min_samples_leaf': 3, 'model__regressor__min_samples_split': 3}",-0.19272750731537136,-0.2255947136128874,-0.20156848569962726,-0.18311304310349794,-0.2010769282087168,-0.20081613558802017,0.014095654388956335,465,-0.06407667571370251,-0.06374962096169087,-0.06993563439555754,-0.0736475013735527,-0.06680035210020246,-0.06764195690894122,0.0037389123688716863
0.04794454574584961,0.0024955228052184124,0.0066034793853759766,0.0008385054725924064,,0.7,3,5,"{'model__regressor__max_depth': None, 'model__regressor__max_features': 0.7, 'model__regressor__min_samples_leaf': 3, 'model__regressor__min_samples_split': 5}",-0.19272750731537136,-0.2255947136128874,-0.20156848569962726,-0.18311304310349794,-0.2010769282087168,-0.20081613558802017,0.014095654388956335,465,-0.06407667571370251,-0.06374962096169087,-0.06993563439555754,-0.0736475013735527,-0.06680035210020246,-0.06764195690894122,0.0037389123688716863
0.04673852920532227,0.002336758310514542,0.006626605987548828,0.0003088743748171942,,0.7,3,7,"{'model__regressor__max_depth': None, 'model__regressor__max_features': 0.7, 'model__regressor__min_samples_leaf': 3, 'model__regressor__min_samples_split': 7}",-0.18681706039116303,-0.20919995783963155,-0.1980040784573739,-0.18107038760324023,-0.1911702103695994,-0.19325233893220162,0.009706220528762376,369,-0.06739305497128557,-0.0726160237549118,-0.07477436532261716,-0.07405155725128977,-0.07329776380142025,-0.07242655302030492,0.0026185443036730546
0.04175634384155273,0.0024096816982362,0.006405687332153321,0.0006183403310940475,,0.7,3,10,"{'model__regressor__max_depth': None, 'model__regressor__max_features': 0.7, 'model__regressor__min_samples_leaf': 3, 'model__regressor__min_samples_split': 10}",-0.19080480044892828,-0.19142840643712558,-0.19546862722640218,-0.18486162774396397,-0.19537549126711112,-0.19158779062470624,0.003880394642776116,303,-0.08390462016947176,-0.08371009599392538,-0.09180703716450538,-0.08974634565420526,-0.08431335958791585,-0.08669629171400473,0.0034003443504053432
0.04039864540100098,0.0024584392396135614,0.006230354309082031,0.0006906464033233306,,0.7,5,2,"{'model__regressor__max_depth': None, 'model__regressor__max_features': 0.7, 'model__regressor__min_samples_leaf': 5, 'model__regressor__min_samples_split': 2}",-0.18721449253740677,-0.21744555768432036,-0.2026193038075216,-0.18669431238204146,-0.19635268501414194,-0.19806527028508641,0.011369307548597548,441,-0.09318497128509069,-0.09603020213202607,-0.10036889458177391,-0.09643190321914799,-0.0951712328607501,-0.09623744081575776,0.002349640115339734
0.04001860618591309,0.002743838476451536,0.006076002120971679,0.0003163890039999255,,0.7,5,3,"{'model__regressor__max_depth': None, 'model__regressor__max_features': 0.7, 'model__regressor__min_samples_leaf': 5, 'model__regressor__min_samples_split': 3}",-0.18721449253740677,-0.21744555768432036,-0.2026193038075216,-0.18669431238204146,-0.19635268501414194,-0.19806527028508641,0.011369307548597548,441,-0.09318497128509069,-0.09603020213202607,-0.10036889458177391,-0.09643190321914799,-0.0951712328607501,-0.09623744081575776,0.002349640115339734
0.04218058586120606,0.001270432385954852,0.005915117263793945,0.0001484458788972292,,0.7,5,5,"{'model__regressor__max_depth': None, 'model__regressor__max_features': 0.7, 'model__regressor__min_samples_leaf': 5, 'model__regressor__min_samples_split': 5}",-0.18721449253740677,-0.21744555768432036,-0.2026193038075216,-0.18669431238204146,-0.19635268501414194,-0.19806527028508641,0.011369307548597548,441,-0.09318497128509069,-0.09603020213202607,-0.10036889458177391,-0.09643190321914799,-0.0951712328607501,-0.09623744081575776,0.002349640115339734
0.04277777671813965,0.0029437617366493683,0.006171274185180664,0.0003960475039848414,,0.7,5,7,"{'model__regressor__max_depth': None, 'model__regressor__max_features': 0.7, 'model__regressor__min_samples_leaf': 5, 'model__regressor__min_samples_split': 7}",-0.18721449253740677,-0.21744555768432036,-0.2026193038075216,-0.18669431238204146,-0.19635268501414194,-0.19806527028508641,0.011369307548597548,441,-0.09318497128509069,-0.09603020213202607,-0.10036889458177391,-0.09643190321914799,-0.0951712328607501,-0.09623744081575776,0.002349640115339734
0.042101383209228516,0.0017640290507167926,0.006220483779907226,0.00037573847057460297,,0.7,5,10,"{'model__regressor__max_depth': None, 'model__regressor__max_features': 0.7, 'model__regressor__min_samples_leaf': 5, 'model__regressor__min_samples_split': 10}",-0.18721449253740677,-0.21744555768432036,-0.2026193038075216,-0.18669431238204146,-0.19635268501414194,-0.19806527028508641,0.011369307548597548,441,-0.09318497128509069,-0.09603020213202607,-0.10036889458177391,-0.09643190321914799,-0.0951712328607501,-0.09623744081575776,0.002349640115339734
0.039754486083984374,0.0018836938825454955,0.00679621696472168,0.001194575362816365,,0.7,7,2,"{'model__regressor__max_depth': None, 'model__regressor__max_features': 0.7, 'model__regressor__min_samples_leaf': 7, 'model__regressor__min_samples_split': 2}",-0.17738975142510205,-0.1977088331286949,-0.192495936654949,-0.15626469874489488,-0.18115351906231783,-0.18100254780319175,0.01439607045479091,36,-0.11380413727418345,-0.11495348161979815,-0.11416786640593535,-0.11472250256291469,-0.11559539477380569,-0.11464867652732746,0.0006227450182981065
0.03753204345703125,0.002044125479474202,0.006788921356201172,0.0013092009389695737,,0.7,7,3,"{'model__regressor__max_depth': None, 'model__regressor__max_features': 0.7, 'model__regressor__min_samples_leaf': 7, 'model__regressor__min_samples_split': 3}",-0.17738975142510205,-0.1977088331286949,-0.192495936654949,-0.15626469874489488,-0.18115351906231783,-0.18100254780319175,0.01439607045479091,36,-0.11380413727418345,-0.11495348161979815,-0.11416786640593535,-0.11472250256291469,-0.11559539477380569,-0.11464867652732746,0.0006227450182981065
0.03770279884338379,0.0027808205279025847,0.007898664474487305,0.001482913244871845,,0.7,7,5,"{'model__regressor__max_depth': None, 'model__regressor__max_features': 0.7, 'model__regressor__min_samples_leaf': 7, 'model__regressor__min_samples_split': 5}",-0.17738975142510205,-0.1977088331286949,-0.192495936654949,-0.15626469874489488,-0.18115351906231783,-0.18100254780319175,0.01439607045479091,36,-0.11380413727418345,-0.11495348161979815,-0.11416786640593535,-0.11472250256291469,-0.11559539477380569,-0.11464867652732746,0.0006227450182981065
0.03784680366516113,0.003034498100438483,0.006301498413085938,0.0004101000991575985,,0.7,7,7,"{'model__regressor__max_depth': None, 'model__regressor__max_features': 0.7, 'model__regressor__min_samples_leaf': 7, 'model__regressor__min_samples_split': 7}",-0.17738975142510205,-0.1977088331286949,-0.192495936654949,-0.15626469874489488,-0.18115351906231783,-0.18100254780319175,0.01439607045479091,36,-0.11380413727418345,-0.11495348161979815,-0.11416786640593535,-0.11472250256291469,-0.11559539477380569,-0.11464867652732746,0.0006227450182981065
0.03834576606750488,0.0007195726994343769,0.0059087276458740234,0.0001947628516305254,,0.7,7,10,"{'model__regressor__max_depth': None, 'model__regressor__max_features': 0.7, 'model__regressor__min_samples_leaf': 7, 'model__regressor__min_samples_split': 10}",-0.17738975142510205,-0.1977088331286949,-0.192495936654949,-0.15626469874489488,-0.18115351906231783,-0.18100254780319175,0.01439607045479091,36,-0.11380413727418345,-0.11495348161979815,-0.11416786640593535,-0.11472250256291469,-0.11559539477380569,-0.11464867652732746,0.0006227450182981065
0.03600468635559082,0.0028925065572659014,0.007714509963989258,0.0016752338838048203,,0.7,10,2,"{'model__regressor__max_depth': None, 'model__regressor__max_features': 0.7, 'model__regressor__min_samples_leaf': 10, 'model__regressor__min_samples_split': 2}",-0.18230055018681235,-0.18096993905487796,-0.1900035853921344,-0.17275867612027515,-0.1776236695878144,-0.18073128406838285,0.005687088348980408,31,-0.1259764385346704,-0.12638011145660813,-0.13062917284436926,-0.1247532337677521,-0.13039720554805348,-0.12762723243029067,0.0024176309413926887
0.03375554084777832,0.002008719517392143,0.006509828567504883,0.001588216522790316,,0.7,10,3,"{'model__regressor__max_depth': None, 'model__regressor__max_features': 0.7, 'model__regressor__min_samples_leaf': 10, 'model__regressor__min_samples_split': 3}",-0.18230055018681235,-0.18096993905487796,-0.1900035853921344,-0.17275867612027515,-0.1776236695878144,-0.18073128406838285,0.005687088348980408,31,-0.1259764385346704,-0.12638011145660813,-0.13062917284436926,-0.1247532337677521,-0.13039720554805348,-0.12762723243029067,0.0024176309413926887
0.03604912757873535,0.001679651386929196,0.0059683799743652345,0.0004562128988781655,,0.7,10,5,"{'model__regressor__max_depth': None, 'model__regressor__max_features': 0.7, 'model__regressor__min_samples_leaf': 10, 'model__regressor__min_samples_split': 5}",-0.18230055018681235,-0.18096993905487796,-0.1900035853921344,-0.17275867612027515,-0.1776236695878144,-0.18073128406838285,0.005687088348980408,31,-0.1259764385346704,-0.12638011145660813,-0.13062917284436926,-0.1247532337677521,-0.13039720554805348,-0.12762723243029067,0.0024176309413926887
0.03461942672729492,0.0017165350670786809,0.005934429168701172,0.00028448291884091104,,0.7,10,7,"{'model__regressor__max_depth': None, 'model__regressor__max_features': 0.7, 'model__regressor__min_samples_leaf': 10, 'model__regressor__min_samples_split': 7}",-0.18230055018681235,-0.18096993905487796,-0.1900035853921344,-0.17275867612027515,-0.1776236695878144,-0.18073128406838285,0.005687088348980408,31,-0.1259764385346704,-0.12638011145660813,-0.13062917284436926,-0.1247532337677521,-0.13039720554805348,-0.12762723243029067,0.0024176309413926887
0.033588504791259764,0.0013962378385351177,0.007470178604125977,0.0019494356282607763,,0.7,10,10,"{'model__regressor__max_depth': None, 'model__regressor__max_features': 0.7, 'model__regressor__min_samples_leaf': 10, 'model__regressor__min_samples_split': 10}",-0.18230055018681235,-0.18096993905487796,-0.1900035853921344,-0.17275867612027515,-0.1776236695878144,-0.18073128406838285,0.005687088348980408,31,-0.1259764385346704,-0.12638011145660813,-0.13062917284436926,-0.1247532337677521,-0.13039720554805348,-0.12762723243029067,0.0024176309413926887
0.05384187698364258,0.0021079906476880327,0.006391716003417969,0.0008535209765843783,,0.5,1,2,"{'model__regressor__max_depth': None, 'model__regressor__max_features': 0.5, 'model__regressor__min_samples_leaf': 1, 'model__regressor__min_samples_split': 2}",-0.21805149198816698,-0.21752057156530508,-0.21104998094487692,-0.20960358993937483,-0.19443464940894012,-0.21013205676933283,0.008542108228021194,497,-0.0,-0.0,-0.0,-9.002630353187415e-17,-0.0,-1.8005260706374828e-17,3.6010521412749656e-17
0.04808449745178223,0.0017352801870003805,0.0064617633819580075,0.0015726443241042976,,0.5,1,3,"{'model__regressor__max_depth': None, 'model__regressor__max_features': 0.5, 'model__regressor__min_samples_leaf': 1, 'model__regressor__min_samples_split': 3}",-0.20377865733268932,-0.22296727301815666,-0.19824368917051816,-0.18919057138953066,-0.19802757097367096,-0.20244155237691314,0.011276407601367345,472,-0.01767270075551918,-0.02230783181838564,-0.020247390442055837,-0.016248140149272883,-0.019203723427985972,-0.019135957318643905,0.0020871641741245987
0.04423866271972656,0.0017950902853496535,0.006636381149291992,0.0010431592149232442,,0.5,1,5,"{'model__regressor__max_depth': None, 'model__regressor__max_features': 0.5, 'model__regressor__min_samples_leaf': 1, 'model__regressor__min_samples_split': 5}",-0.19857699286118524,-0.21947737057470604,-0.1983477680850988,-0.18386768647528365,-0.1986936067025967,-0.1997926849397741,0.011365439626854955,459,-0.03796363542588835,-0.03976521032058447,-0.03543635091090193,-0.04500871601953485,-0.03940810136468846,-0.03951640280831962,0.0031399697075132917
0.04174618721008301,0.001681356661057488,0.006451940536499024,0.0004613211255828653,,0.5,1,7,"{'model__regressor__max_depth': None, 'model__regressor__max_features': 0.5, 'model__regressor__min_samples_leaf': 1, 'model__regressor__min_samples_split': 7}",-0.19686564220680988,-0.21372144723090136,-0.20089907986525282,-0.2123267481341507,-0.19005855461142473,-0.20277429440970787,0.009068717286456501,476,-0.05291230890162374,-0.05603335581038037,-0.05485887927903363,-0.059665462322351516,-0.0576163439388148,-0.056217270050440804,0.002308647041880854
0.039862203598022464,0.0018531014353969802,0.006675195693969726,0.0007114900867389534,,0.5,1,10,"{'model__regressor__max_depth': None, 'model__regressor__max_features': 0.5, 'model__regressor__min_samples_leaf': 1, 'model__regressor__min_samples_split': 10}",-0.19279250957856392,-0.21295146849044538,-0.22420124504366093,-0.2096108356278835,-0.17114906176217426,-0.2021410241005456,0.018478168705642124,470,-0.06783752426150629,-0.07262089719423985,-0.07243480523014563,-0.07425787677162088,-0.07586340946252648,-0.07260290258400784,0.0026872757859763272
0.039469003677368164,0.002223080224368613,0.006105756759643555,0.00024634206000550526,,0.5,3,2,"{'model__regressor__max_depth': None, 'model__regressor__max_features': 0.5, 'model__regressor__min_samples_leaf': 3, 'model__regressor__min_samples_split': 2}",-0.18716571488172334,-0.2080236211652821,-0.1869485788410619,-0.1713286817194218,-0.20332435903127152,-0.19135819112775215,0.01310823037150219,289,-0.07053410506321772,-0.07722748810809948,-0.07300387241474615,-0.07447602010991382,-0.07095505587335321,-0.07323930831386607,0.002450567201262478
0.041875791549682614,0.002319578100098129,0.006802940368652343,0.0009825646894463659,,0.5,3,3,"{'model__regressor__max_depth': None, 'model__regressor__max_features': 0.5, 'model__regressor__min_samples_leaf': 3, 'model__regressor__min_samples_split': 3}",-0.18716571488172334,-0.2080236211652821,-0.1869485788410619,-0.1713286817194218,-0.20332435903127152,-0.19135819112775215,0.01310823037150219,289,-0.07053410506321772,-0.07722748810809948,-0.07300387241474615,-0.07447602010991382,-0.07095505587335321,-0.07323930831386607,0.002450567201262478
0.04050016403198242,0.0033708738408801987,0.006499004364013672,0.0007558293947370884,,0.5,3,5,"{'model__regressor__max_depth': None, 'model__regressor__max_features': 0.5, 'model__regressor__min_samples_leaf': 3, 'model__regressor__min_samples_split': 5}",-0.18716571488172334,-0.2080236211652821,-0.1869485788410619,-0.1713286817194218,-0.20332435903127152,-0.19135819112775215,0.01310823037150219,289,-0.07053410506321772,-0.07722748810809948,-0.07300387241474615,-0.07447602010991382,-0.07095505587335321,-0.07323930831386607,0.002450567201262478
0.037090110778808597,0.001206459907029472,0.006313705444335937,0.0007389596164256292,,0.5,3,7,"{'model__regressor__max_depth': None, 'model__regressor__max_features': 0.5, 'model__regressor__min_samples_leaf': 3, 'model__regressor__min_samples_split': 7}",-0.19549994867772505,-0.1862464225323208,-0.2011406868810855,-0.16805436833194848,-0.19385894030489634,-0.18896007334559523,0.01148519582592914,222,-0.06843069580037746,-0.07811977463646357,-0.07499457228914165,-0.07525535459533463,-0.07398236937327696,-0.07415655333891885,0.003175926561521958
0.035868072509765626,0.0018017357399188242,0.006818342208862305,0.001066638396002748,,0.5,3,10,"{'model__regressor__max_depth': None, 'model__regressor__max_features': 0.5, 'model__regressor__min_samples_leaf': 3, 'model__regressor__min_samples_split': 10}",-0.1919433174789423,-0.2001998437636908,-0.17758823049287048,-0.1792742803883257,-0.18436171003649837,-0.18667347643206553,0.00840675796709332,166,-0.08189245879570321,-0.0926414446775083,-0.08752083607344693,-0.09161449015815537,-0.0920825057896634,-0.08915034709889544,0.004054369660290347
0.037297821044921874,0.002434210027775713,0.00621638298034668,0.00033501686265646226,,0.5,5,2,"{'model__regressor__max_depth': None, 'model__regressor__max_features': 0.5, 'model__regressor__min_samples_leaf': 5, 'model__regressor__min_samples_split': 2}",-0.1907179289508892,-0.1979206122030709,-0.1995032602891927,-0.18304641897898366,-0.17197667123185262,-0.18863297833079784,0.01017263391117889,201,-0.09818098252998168,-0.10221172618187697,-0.09765778091698517,-0.1042797214890637,-0.10067721143823684,-0.10060148451122888,0.0024759749902800716
0.03464875221252441,0.001476289679220569,0.005879735946655274,0.00011042900016991476,,0.5,5,3,"{'model__regressor__max_depth': None, 'model__regressor__max_features': 0.5, 'model__regressor__min_samples_leaf': 5, 'model__regressor__min_samples_split': 3}",-0.1907179289508892,-0.1979206122030709,-0.1995032602891927,-0.18304641897898366,-0.17197667123185262,-0.18863297833079784,0.01017263391117889,201,-0.09818098252998168,-0.10221172618187697,-0.09765778091698517,-0.1042797214890637,-0.10067721143823684,-0.10060148451122888,0.0024759749902800716
0.035573148727416994,0.0013465769195900095,0.007064199447631836,0.0014282671536718372,,0.5,5,5,"{'model__regressor__max_depth': None, 'model__regressor__max_features': 0.5, 'model__regressor__min_samples_leaf': 5, 'model__regressor__min_samples_split': 5}",-0.1907179289508892,-0.1979206122030709,-0.1995032602891927,-0.18304641897898366,-0.17197667123185262,-0.18863297833079784,0.01017263391117889,201,-0.09818098252998168,-0.10221172618187697,-0.09765778091698517,-0.1042797214890637,-0.10067721143823684,-0.10060148451122888,0.0024759749902800716
0.03556766510009766,0.000792282173469784,0.005894994735717774,0.00022143788828355826,,0.5,5,7,"{'model__regressor__max_depth': None, 'model__regressor__max_features': 0.5, 'model__regressor__min_samples_leaf': 5, 'model__regressor__min_samples_split': 7}",-0.1907179289508892,-0.1979206122030709,-0.1995032602891927,-0.18304641897898366,-0.17197667123185262,-0.18863297833079784,0.01017263391117889,201,-0.09818098252998168,-0.10221172618187697,-0.09765778091698517,-0.1042797214890637,-0.10067721143823684,-0.10060148451122888,0.0024759749902800716
0.034330224990844725,0.001400635421922686,0.005788564682006836,4.364896606612205e-05,,0.5,5,10,"{'model__regressor__max_depth': None, 'model__regressor__max_features': 0.5, 'model__regressor__min_samples_leaf': 5, 'model__regressor__min_samples_split': 10}",-0.1907179289508892,-0.1979206122030709,-0.1995032602891927,-0.18304641897898366,-0.17197667123185262,-0.18863297833079784,0.01017263391117889,201,-0.09818098252998168,-0.10221172618187697,-0.09765778091698517,-0.1042797214890637,-0.10067721143823684,-0.10060148451122888,0.0024759749902800716
0.03232660293579102,0.0019382412532995632,0.006697607040405273,0.00168170110293396,,0.5,7,2,"{'model__regressor__max_depth': None, 'model__regressor__max_features': 0.5, 'model__regressor__min_samples_leaf': 7, 'model__regressor__min_samples_split': 2}",-0.18811775656839494,-0.183398133639878,-0.18680953774004252,-0.17191251691169845,-0.17088161120733456,-0.18022391121346967,0.007377219040958945,11,-0.11104522088814435,-0.11609427376956961,-0.11577031369122318,-0.11756845182000368,-0.12032403752087839,-0.11616045953796386,0.0030212608185447546
0.031817388534545896,0.002023798569687916,0.006531810760498047,0.0006445103720908146,,0.5,7,3,"{'model__regressor__max_depth': None, 'model__regressor__max_features': 0.5, 'model__regressor__min_samples_leaf': 7, 'model__regressor__min_samples_split': 3}",-0.18811775656839494,-0.183398133639878,-0.18680953774004252,-0.17191251691169845,-0.17088161120733456,-0.18022391121346967,0.007377219040958945,11,-0.11104522088814435,-0.11609427376956961,-0.11577031369122318,-0.11756845182000368,-0.12032403752087839,-0.11616045953796386,0.0030212608185447546
0.03242330551147461,0.0023851567742102127,0.005884504318237305,0.00019618969864811827,,0.5,7,5,"{'model__regressor__max_depth': None, 'model__regressor__max_features': 0.5, 'model__regressor__min_samples_leaf': 7, 'model__regressor__min_samples_split': 5}",-0.18811775656839494,-0.183398133639878,-0.18680953774004252,-0.17191251691169845,-0.17088161120733456,-0.18022391121346967,0.007377219040958945,11,-0.11104522088814435,-0.11609427376956961,-0.11577031369122318,-0.11756845182000368,-0.12032403752087839,-0.11616045953796386,0.0030212608185447546
0.03271942138671875,0.0016790586032414414,0.006372404098510742,0.0005497145658509993,,0.5,7,7,"{'model__regressor__max_depth': None, 'model__regressor__max_features': 0.5, 'model__regressor__min_samples_leaf': 7, 'model__regressor__min_samples_split': 7}",-0.18811775656839494,-0.183398133639878,-0.18680953774004252,-0.17191251691169845,-0.17088161120733456,-0.18022391121346967,0.007377219040958945,11,-0.11104522088814435,-0.11609427376956961,-0.11577031369122318,-0.11756845182000368,-0.12032403752087839,-0.11616045953796386,0.0030212608185447546
0.03313150405883789,0.0012123295650204831,0.006369686126708985,0.0004407582722620672,,0.5,7,10,"{'model__regressor__max_depth': None, 'model__regressor__max_features': 0.5, 'model__regressor__min_samples_leaf': 7, 'model__regressor__min_samples_split': 10}",-0.18811775656839494,-0.183398133639878,-0.18680953774004252,-0.17191251691169845,-0.17088161120733456,-0.18022391121346967,0.007377219040958945,11,-0.11104522088814435,-0.11609427376956961,-0.11577031369122318,-0.11756845182000368,-0.12032403752087839,-0.11616045953796386,0.0030212608185447546
0.030413722991943358,0.001146070373386835,0.007170677185058594,0.001502482461736917,,0.5,10,2,"{'model__regressor__max_depth': None, 'model__regressor__max_features': 0.5, 'model__regressor__min_samples_leaf': 10, 'model__regressor__min_samples_split': 2}",-0.1769606959297124,-0.1936412675646667,-0.18511066958132866,-0.1692733837443204,-0.1630436146878459,-0.17760592630157485,0.01091202866890847,6,-0.1282724156221731,-0.13239357615369868,-0.12451539597545576,-0.13521704263774662,-0.13058783353518422,-0.13019725278485167,0.0036376688891543735
0.03149256706237793,0.0018746748271079288,0.007376575469970703,0.0020136757515600914,,0.5,10,3,"{'model__regressor__max_depth': None, 'model__regressor__max_features': 0.5, 'model__regressor__min_samples_leaf': 10, 'model__regressor__min_samples_split': 3}",-0.1769606959297124,-0.1936412675646667,-0.18511066958132866,-0.1692733837443204,-0.1630436146878459,-0.17760592630157485,0.01091202866890847,6,-0.1282724156221731,-0.13239357615369868,-0.12451539597545576,-0.13521704263774662,-0.13058783353518422,-0.13019725278485167,0.0036376688891543735
0.030751943588256836,0.0012785460607202081,0.006567716598510742,0.0007779550376859447,,0.5,10,5,"{'model__regressor__max_depth': None, 'model__regressor__max_features': 0.5, 'model__regressor__min_samples_leaf': 10, 'model__regressor__min_samples_split': 5}",-0.1769606959297124,-0.1936412675646667,-0.18511066958132866,-0.1692733837443204,-0.1630436146878459,-0.17760592630157485,0.01091202866890847,6,-0.1282724156221731,-0.13239357615369868,-0.12451539597545576,-0.13521704263774662,-0.13058783353518422,-0.13019725278485167,0.0036376688891543735
0.031295061111450195,0.0011781542512897059,0.0070552825927734375,0.0007809578506015736,,0.5,10,7,"{'model__regressor__max_depth': None, 'model__regressor__max_features': 0.5, 'model__regressor__min_samples_leaf': 10, 'model__regressor__min_samples_split': 7}",-0.1769606959297124,-0.1936412675646667,-0.18511066958132866,-0.1692733837443204,-0.1630436146878459,-0.17760592630157485,0.01091202866890847,6,-0.1282724156221731,-0.13239357615369868,-0.12451539597545576,-0.13521704263774662,-0.13058783353518422,-0.13019725278485167,0.0036376688891543735
0.030434608459472656,0.0012675080266505783,0.005650901794433593,0.0003756764387957753,,0.5,10,10,"{'model__regressor__max_depth': None, 'model__regressor__max_features': 0.5, 'model__regressor__min_samples_leaf': 10, 'model__regressor__min_samples_split': 10}",-0.1769606959297124,-0.1936412675646667,-0.18511066958132866,-0.1692733837443204,-0.1630436146878459,-0.17760592630157485,0.01091202866890847,6,-0.1282724156221731,-0.13239357615369868,-0.12451539597545576,-0.13521704263774662,-0.13058783353518422,-0.13019725278485167,0.0036376688891543735
